PLZ,Population in 2022
1000,4072.00
1003,6707.00
1004,31230.00
1005,12386.00
1006,15391.00
1007,22538.00
1008,13749.00
1009,18851.00
1010,15376.00
1011,33.00
1012,12042.00
1018,21021.00
1020,21086.00
1022,8737.00
1023,9200.00
1024,13118.00
1025,5046.00
1026,4669.00
1027,2672.00
1028,5204.00
1029,982.00
1030,10365.00
1031,818.00
1032,4084.00
1033,4720.00
1034,1006.00
1035,511.00
1036,1168.00
1037,1147.00
1038,1361.00
1040,7925.00
1041,3729.00
1042,2315.00
1043,442.00
1044,737.00
1045,330.00
1046,303.00
1047,203.00
1052,9300.00
1053,3687.00
1054,1172.00
1055,2722.00
1058,455.00
1059,434.00
1061,256.00
1062,350.00
1063,1186.00
1066,9822.00
1068,127.00
1070,2910.00
1071,2977.00
1072,2043.00
1073,3414.00
1076,377.00
1077,1294.00
1078,408.00
1080,850.00
1081,661.00
1082,478.00
1083,1294.00
1084,1435.00
1085,631.00
1088,527.00
1090,1628.00
1091,2910.00
1092,3839.00
1093,3012.00
1094,1548.00
1095,6090.00
1096,1878.00
1097,334.00
1098,333.00
1110,17529.00
1112,1561.00
1113,629.00
1114,579.00
1115,561.00
1116,478.00
1117,489.00
1121,606.00
1122,460.00
1123,557.00
1124,1030.00
1125,439.00
1126,185.00
1127,213.00
1128,413.00
1131,1890.00
1132,813.00
1134,1303.00
1135,714.00
1136,410.00
1141,224.00
1142,1240.00
1143,1491.00
1144,589.00
1145,1675.00
1146,324.00
1147,979.00
1148,2849.00
1149,303.00
1162,5882.00
1163,2931.00
1164,674.00
1165,424.00
1166,1549.00
1167,729.00
1168,615.00
1169,1511.00
1170,3166.00
1172,518.00
1173,886.00
1174,618.00
1175,1030.00
1176,693.00
1180,6830.00
1182,1316.00
1183,812.00
1184,989.00
1185,2767.00
1186,554.00
1187,455.00
1188,3484.00
1189,448.00
1195,1131.00
1196,13664.00
1197,4278.00
1200,5008.00
1201,21854.00
1202,34568.00
1203,34152.00
1204,5513.00
1205,34077.00
1206,20520.00
1207,18466.00
1208,14680.00
1209,10053.00
1212,18377.00
1213,35061.00
1214,8146.00
1215,15.00
1216,2785.00
1217,24425.00
1218,12599.00
1219,22244.00
1220,5593.00
1222,5640.00
1223,5970.00
1224,11296.00
1225,8836.00
1226,16115.00
1227,26581.00
1228,11438.00
1231,2480.00
1232,4603.00
1233,10220.00
1234,5749.00
1236,1055.00
1237,1708.00
1239,1623.00
1241,2527.00
1242,4326.00
1243,737.00
1244,1222.00
1245,2856.00
1246,2267.00
1247,2417.00
1248,1189.00
1251,483.00
1252,2069.00
1253,2851.00
1254,1209.00
1255,6154.00
1256,3226.00
1257,2529.00
1258,3169.00
1260,22465.00
1261,2440.00
1262,1775.00
1263,1236.00
1264,2568.00
1265,220.00
1266,1113.00
1267,1658.00
1268,2372.00
1269,1486.00
1270,1430.00
1271,1015.00
1272,2026.00
1273,2960.00
1274,985.00
1275,1249.00
1276,1266.00
1277,1382.00
1278,1196.00
1279,2272.00
1281,542.00
1283,1799.00
1284,1651.00
1285,1392.00
1286,963.00
1287,694.00
1288,1145.00
1290,14474.00
1291,2976.00
1292,4002.00
1293,4189.00
1294,2764.00
1295,3944.00
1296,3179.00
1297,3802.00
1298,845.00
1299,2363.00
1302,1337.00
1303,1923.00
1304,5113.00
1305,3209.00
1306,1064.00
1307,482.00
1308,405.00
1312,1198.00
1313,308.00
1315,2607.00
1316,336.00
1317,471.00
1318,858.00
1321,691.00
1322,386.00
1323,559.00
1324,236.00
1325,485.00
1326,347.00
1329,264.00
1337,3958.00
1338,1153.00
1341,724.00
1342,461.00
1343,318.00
1344,362.00
1345,568.00
1346,711.00
1347,2486.00
1348,1393.00
1350,7613.00
1352,379.00
1353,203.00
1354,496.00
1355,400.00
1356,186.00
1357,447.00
1358,606.00
1372,1025.00
1373,4813.00
1374,359.00
1375,431.00
1376,1171.00
1377,606.00
1400,30380.00
1404,328.00
1405,863.00
1406,410.00
1407,1029.00
1408,116.00
1409,110.00
1410,1844.00
1412,472.00
1413,208.00
1415,426.00
1416,566.00
1417,1081.00
1418,1107.00
1420,437.00
1421,449.00
1422,3360.00
1423,886.00
1424,1073.00
1425,495.00
1426,1417.00
1427,479.00
1428,533.00
1429,448.00
1430,406.00
1431,236.00
1432,619.00
1433,671.00
1434,372.00
1435,223.00
1436,1088.00
1437,219.00
1438,684.00
1439,521.00
1441,703.00
1442,772.00
1443,727.00
1445,599.00
1446,1135.00
1450,4187.00
1452,211.00
1453,633.00
1454,639.00
1462,3529.00
1463,194.00
1464,478.00
1468,1590.00
1470,7444.00
1473,935.00
1474,815.00
1475,1184.00
1482,1534.00
1483,1166.00
1484,827.00
1485,494.00
1486,260.00
1489,785.00
1509,635.00
1510,6287.00
1512,218.00
1513,453.00
1514,246.00
1515,301.00
1521,290.00
1522,3833.00
1523,1566.00
1524,283.00
1525,770.00
1526,173.00
1527,389.00
1528,380.00
1529,369.00
1530,10056.00
1532,1180.00
1533,437.00
1534,267.00
1535,293.00
1536,404.00
1537,169.00
1538,105.00
1541,1047.00
1542,527.00
1543,1000.00
1544,1118.00
1545,519.00
1551,280.00
1552,300.00
1553,884.00
1554,278.00
1555,209.00
1562,2852.00
1563,1384.00
1564,3336.00
1565,888.00
1566,1929.00
1567,477.00
1568,832.00
1580,4706.00
1583,677.00
1584,491.00
1585,1335.00
1586,578.00
1587,507.00
1588,1875.00
1589,409.00
1595,955.00
1607,1890.00
1608,1042.00
1609,1021.00
1610,2680.00
1611,591.00
1612,451.00
1613,546.00
1614,931.00
1615,1575.00
1616,3164.00
1617,1798.00
1618,7029.00
1619,1136.00
1623,1550.00
1624,733.00
1625,964.00
1626,484.00
1627,1117.00
1628,2543.00
1630,20408.00
1632,2868.00
1633,2071.00
1634,1824.00
1635,5349.00
1636,2649.00
1637,2205.00
1638,661.00
1642,1105.00
1643,899.00
1644,660.00
1645,414.00
1646,842.00
1647,651.00
1648,702.00
1649,630.00
1651,367.00
1652,733.00
1653,797.00
1654,415.00
1656,636.00
1657,33.00
1658,532.00
1659,901.00
1660,3492.00
1661,1351.00
1663,2272.00
1665,499.00
1666,1147.00
1667,823.00
1669,1664.00
1670,2112.00
1673,2166.00
1674,948.00
1675,1008.00
1676,450.00
1677,485.00
1678,1199.00
1679,394.00
1680,5871.00
1681,883.00
1682,866.00
1683,408.00
1684,823.00
1685,368.00
1686,261.00
1687,1221.00
1688,344.00
1689,354.00
1690,1784.00
1691,576.00
1692,586.00
1694,1477.00
1695,1357.00
1696,1164.00
1697,400.00
1699,1193.00
1700,37400.00
1712,3533.00
1713,1661.00
1714,1855.00
1715,1864.00
1716,3240.00
1717,1334.00
1718,1204.00
1719,1071.00
1720,2870.00
1721,2321.00
1722,646.00
1723,8815.00
1724,3687.00
1725,1433.00
1726,2691.00
1727,1318.00
1728,1404.00
1730,1246.00
1731,1127.00
1732,1055.00
1733,1532.00
1734,1340.00
1735,1715.00
1736,997.00
1737,1038.00
1738,188.00
1740,2837.00
1741,1521.00
1742,750.00
1744,835.00
1745,1106.00
1746,1306.00
1747,418.00
1748,588.00
1749,470.00
1752,12328.00
1753,1745.00
1754,1937.00
1756,1056.00
1757,714.00
1762,3183.00
1763,3853.00
1772,2895.00
1773,1092.00
1774,1521.00
1775,914.00
1776,500.00
1782,4786.00
1783,514.00
1784,2905.00
1785,1056.00
1786,2481.00
1787,770.00
1788,388.00
1789,1002.00
1791,1598.00
1792,1365.00
1793,426.00
1794,677.00
1795,318.00
1796,1136.00
1797,559.00
1800,19738.00
1801,1061.00
1802,2303.00
1803,2074.00
1804,2422.00
1805,1831.00
1806,5716.00
1807,6418.00
1808,898.00
1809,57.00
1814,12382.00
1815,9426.00
1816,1140.00
1817,1028.00
1820,10881.00
1822,2016.00
1823,1093.00
1824,589.00
1832,672.00
1833,343.00
1844,5968.00
1845,1169.00
1846,528.00
1847,925.00
1852,1938.00
1853,1086.00
1854,3719.00
1856,440.00
1860,10905.00
1862,444.00
1863,560.00
1864,290.00
1865,1134.00
1866,180.00
1867,4379.00
1868,6355.00
1869,1980.00
1870,15761.00
1871,2689.00
1872,4031.00
1873,2146.00
1874,1350.00
1875,813.00
1880,8137.00
1882,1417.00
1884,1837.00
1885,1751.00
1890,4494.00
1891,866.00
1892,978.00
1893,3378.00
1895,2337.00
1896,4473.00
1897,4397.00
1898,988.00
1899,565.00
1902,1462.00
1903,843.00
1904,1838.00
1905,1086.00
1906,2047.00
1907,6690.00
1908,3010.00
1911,723.00
1912,2558.00
1913,2995.00
1914,860.00
1918,475.00
1920,18728.00
1921,1660.00
1922,1007.00
1923,462.00
1925,363.00
1926,9049.00
1927,428.00
1928,676.00
1929,160.00
1932,862.00
1933,1128.00
1934,3109.00
1936,3377.00
1937,2501.00
1938,283.00
1941,1491.00
1942,391.00
1943,315.00
1944,138.00
1945,745.00
1946,218.00
1947,1418.00
1948,623.00
1950,27165.00
1955,4178.00
1957,3564.00
1958,4260.00
1961,217.00
1962,1062.00
1963,6510.00
1964,5948.00
1965,7913.00
1966,3717.00
1967,3826.00
1968,282.00
1969,726.00
1971,3779.00
1972,519.00
1973,613.00
1974,1397.00
1975,554.00
1976,2481.00
1977,478.00
1978,1591.00
1981,1587.00
1982,569.00
1983,790.00
1984,501.00
1985,307.00
1986,57.00
1987,1025.00
1988,163.00
1991,1187.00
1992,480.00
1993,789.00
1994,1600.00
1996,2875.00
1997,2801.00
2000,33200.00
2012,1497.00
2013,5537.00
2014,2047.00
2015,867.00
2016,4704.00
2017,5380.00
2019,902.00
2022,3743.00
2023,994.00
2024,2553.00
2025,946.00
2027,509.00
2028,287.00
2034,5803.00
2035,2932.00
2036,1929.00
2037,1042.00
2042,537.00
2043,943.00
2046,1082.00
2052,1694.00
2053,2684.00
2054,1979.00
2056,1572.00
2057,561.00
2058,239.00
2063,992.00
2065,1139.00
2067,436.00
2068,2692.00
2072,3325.00
2073,270.00
2074,4512.00
2075,877.00
2087,1612.00
2088,1860.00
2103,478.00
2105,1140.00
2108,2842.00
2112,793.00
2113,335.00
2114,3343.00
2115,544.00
2116,78.00
2117,491.00
2123,595.00
2124,49.00
2126,646.00
2127,350.00
2149,104.00
2206,2059.00
2207,696.00
2208,943.00
2300,36180.00
2314,1076.00
2316,1238.00
2318,300.00
2322,339.00
2325,213.00
2333,637.00
2336,1261.00
2338,360.00
2340,1896.00
2345,1820.00
2350,2260.00
2353,277.00
2354,69.00
2360,302.00
2362,549.00
2363,131.00
2364,220.00
2400,9783.00
2405,484.00
2406,643.00
2414,293.00
2416,984.00
2500,442.00
2502,17803.00
2503,18295.00
2504,17751.00
2505,804.00
2512,328.00
2513,874.00
2514,567.00
2515,989.00
2516,730.00
2517,427.00
2518,784.00
2520,3700.00
2523,1037.00
2525,4672.00
2532,621.00
2533,2083.00
2534,1245.00
2535,203.00
2536,429.00
2537,209.00
2538,210.00
2540,17939.00
2542,5059.00
2543,5595.00
2544,4943.00
2545,3622.00
2552,3250.00
2553,2001.00
2554,1419.00
2555,4441.00
2556,1229.00
2557,3472.00
2558,2359.00
2560,7452.00
2562,3665.00
2563,3901.00
2564,1651.00
2565,668.00
2572,2310.00
2575,3495.00
2576,559.00
2577,1202.00
2603,1465.00
2604,493.00
2605,1885.00
2606,1725.00
2607,637.00
2608,1442.00
2610,5216.00
2612,473.00
2613,891.00
2615,1011.00
2616,988.00
2710,3403.00
2712,348.00
2713,154.00
2714,510.00
2715,62.00
2716,165.00
2717,76.00
2718,713.00
2720,4262.00
2722,451.00
2723,115.00
2732,3082.00
2733,203.00
2735,3881.00
2736,284.00
2738,1389.00
2740,7198.00
2742,463.00
2743,384.00
2744,276.00
2745,399.00
2746,496.00
2747,287.00
2748,138.00
2762,190.00
2800,12638.00
2802,1354.00
2803,261.00
2805,440.00
2806,117.00
2807,345.00
2812,419.00
2813,116.00
2814,271.00
2822,2857.00
2823,430.00
2824,1927.00
2825,441.00
2826,513.00
2827,558.00
2828,476.00
2829,363.00
2830,3289.00
2832,405.00
2842,733.00
2843,471.00
2852,2650.00
2853,1791.00
2854,3769.00
2855,1255.00
2856,783.00
2857,161.00
2863,275.00
2864,215.00
2873,264.00
2882,690.00
2883,87.00
2884,98.00
2885,155.00
2886,92.00
2887,118.00
2888,50.00
2889,118.00
2900,6441.00
2902,1053.00
2903,215.00
2904,406.00
2905,786.00
2906,637.00
2907,141.00
2908,391.00
2912,182.00
2914,92.00
2915,637.00
2916,333.00
2922,293.00
2923,609.00
2924,196.00
2925,406.00
2926,1205.00
2932,718.00
2933,370.00
2935,117.00
2942,1882.00
2943,546.00
2944,625.00
2946,424.00
2947,254.00
2950,2435.00
2952,1018.00
2953,242.00
2954,187.00
3000,653.00
3004,3587.00
3005,4549.00
3006,19103.00
3007,15853.00
3008,10863.00
3010,2.00
3011,4720.00
3012,14088.00
3013,11072.00
3014,13916.00
3015,3044.00
3018,18090.00
3019,887.00
3020,516.00
3027,12732.00
3032,4750.00
3033,1732.00
3034,256.00
3035,249.00
3036,931.00
3037,1829.00
3038,1458.00
3042,721.00
3043,1561.00
3044,621.00
3045,1347.00
3046,535.00
3047,4303.00
3048,1952.00
3049,562.00
3052,12273.00
3053,10004.00
3054,3735.00
3063,9864.00
3065,6185.00
3066,3582.00
3067,3776.00
3068,1846.00
3072,17862.00
3073,7025.00
3074,6298.00
3075,3892.00
3076,6685.00
3077,363.00
3078,406.00
3082,776.00
3083,530.00
3084,8006.00
3086,1174.00
3087,563.00
3088,1008.00
3089,299.00
3095,3162.00
3096,855.00
3097,8620.00
3098,11640.00
3099,328.00
3110,12111.00
3111,404.00
3112,589.00
3113,2931.00
3114,4360.00
3115,1276.00
3116,1488.00
3122,4492.00
3123,11086.00
3124,320.00
3125,2723.00
3126,1436.00
3127,1688.00
3128,675.00
3132,2415.00
3144,1094.00
3145,2579.00
3147,960.00
3148,977.00
3150,4404.00
3152,698.00
3153,452.00
3154,1299.00
3155,409.00
3156,348.00
3157,352.00
3158,662.00
3159,227.00
3172,3889.00
3173,1449.00
3174,2333.00
3175,2318.00
3176,4529.00
3177,3321.00
3178,3313.00
3179,426.00
3182,2420.00
3183,396.00
3184,3209.00
3185,4312.00
3186,8724.00
3202,1365.00
3203,1275.00
3204,1022.00
3205,1179.00
3206,1147.00
3207,676.00
3208,245.00
3210,5287.00
3212,2204.00
3213,1464.00
3214,423.00
3215,662.00
3216,1211.00
3225,1609.00
3226,443.00
3232,3611.00
3233,489.00
3234,883.00
3235,1377.00
3236,1018.00
3237,621.00
3238,828.00
3250,14164.00
3251,851.00
3252,2529.00
3253,1131.00
3254,1214.00
3255,1212.00
3256,689.00
3257,2435.00
3262,630.00
3263,920.00
3264,1016.00
3266,587.00
3267,1895.00
3268,491.00
3270,4609.00
3271,375.00
3272,1350.00
3273,1393.00
3274,1197.00
3280,7503.00
3282,1092.00
3283,1981.00
3284,442.00
3285,778.00
3286,956.00
3292,2022.00
3293,1585.00
3294,3756.00
3295,855.00
3296,1718.00
3297,1341.00
3298,926.00
3302,4071.00
3303,6262.00
3305,502.00
3306,347.00
3307,195.00
3308,977.00
3309,824.00
3312,2197.00
3313,471.00
3314,559.00
3315,3314.00
3317,607.00
3322,7025.00
3323,1096.00
3324,2741.00
3325,924.00
3326,1501.00
3360,6266.00
3362,1767.00
3363,1025.00
3365,1115.00
3366,679.00
3367,1447.00
3368,754.00
3372,214.00
3373,964.00
3374,408.00
3375,696.00
3376,381.00
3377,615.00
3380,2674.00
3400,16094.00
3412,969.00
3413,497.00
3414,3875.00
3415,4449.00
3416,608.00
3417,488.00
3418,688.00
3419,474.00
3421,1699.00
3422,7921.00
3423,1681.00
3424,329.00
3425,2410.00
3426,1140.00
3427,4509.00
3428,1004.00
3429,471.00
3432,3412.00
3433,502.00
3434,638.00
3435,275.00
3436,2748.00
3437,547.00
3438,548.00
3439,543.00
3452,799.00
3453,855.00
3454,2604.00
3455,587.00
3456,122.00
3457,1770.00
3462,513.00
3463,346.00
3464,328.00
3465,879.00
3472,1724.00
3473,606.00
3474,388.00
3475,364.00
3476,385.00
3503,413.00
3504,1007.00
3506,3594.00
3507,2004.00
3508,851.00
3510,5792.00
3512,1216.00
3513,589.00
3531,622.00
3532,2198.00
3533,1208.00
3534,1788.00
3535,961.00
3536,544.00
3537,1851.00
3538,876.00
3543,519.00
3550,7312.00
3551,334.00
3552,1264.00
3553,484.00
3555,1707.00
3556,813.00
3557,304.00
3600,17606.00
3603,2956.00
3604,15478.00
3608,2356.00
3612,11092.00
3613,5367.00
3614,836.00
3615,1493.00
3616,693.00
3617,864.00
3618,581.00
3619,524.00
3622,501.00
3623,386.00
3624,1456.00
3625,765.00
3626,2900.00
3627,6334.00
3628,2173.00
3629,1947.00
3631,448.00
3632,578.00
3633,801.00
3634,2514.00
3635,726.00
3636,762.00
3638,1497.00
3645,4354.00
3646,1209.00
3647,1033.00
3652,1795.00
3653,2382.00
3654,973.00
3655,1486.00
3656,919.00
3657,609.00
3658,919.00
3661,5858.00
3662,2161.00
3663,883.00
3664,1113.00
3665,3165.00
3671,1105.00
3672,3211.00
3673,1287.00
3674,375.00
3700,9160.00
3702,673.00
3703,2058.00
3704,1168.00
3705,1226.00
3706,1193.00
3707,413.00
3711,316.00
3713,2446.00
3714,6674.00
3715,3384.00
3716,684.00
3717,142.00
3718,1298.00
3722,564.00
3723,276.00
3724,232.00
3725,428.00
3752,2644.00
3753,825.00
3754,493.00
3755,506.00
3756,219.00
3757,237.00
3758,573.00
3762,1162.00
3763,471.00
3764,441.00
3765,764.00
3766,1267.00
3770,2523.00
3771,362.00
3772,823.00
3773,500.00
3775,2272.00
3776,200.00
3777,335.00
3778,1029.00
3780,2958.00
3781,232.00
3782,851.00
3783,456.00
3784,484.00
3785,519.00
3792,1892.00
3800,15923.00
3803,1101.00
3804,622.00
3805,831.00
3806,2568.00
3807,413.00
3812,2697.00
3813,88.00
3814,426.00
3815,351.00
3816,373.00
3818,3596.00
3822,838.00
3823,811.00
3824,198.00
3825,339.00
3826,93.00
3852,1718.00
3853,370.00
3854,436.00
3855,3912.00
3856,487.00
3857,269.00
3858,543.00
3860,4956.00
3862,848.00
3863,221.00
3864,246.00
3900,5149.00
3901,1.00
3902,8527.00
3903,851.00
3904,9372.00
3905,360.00
3906,1558.00
3907,363.00
3908,367.00
3910,1009.00
3911,2162.00
3912,1114.00
3913,15.00
3914,261.00
3916,243.00
3917,332.00
3918,554.00
3919,298.00
3920,5746.00
3922,1368.00
3923,497.00
3924,1891.00
3925,1271.00
3926,219.00
3927,351.00
3928,440.00
3929,1333.00
3930,8373.00
3931,706.00
3932,1234.00
3933,566.00
3934,312.00
3935,750.00
3937,1355.00
3938,630.00
3939,317.00
3940,1532.00
3942,2692.00
3943,445.00
3944,485.00
3945,2026.00
3946,1035.00
3947,179.00
3948,251.00
3949,185.00
3951,709.00
3952,2730.00
3953,1937.00
3954,1295.00
3955,253.00
3956,437.00
3957,365.00
3960,15177.00
3961,2538.00
3963,7312.00
3965,1579.00
3966,3122.00
3967,680.00
3968,1842.00
3970,1659.00
3971,1831.00
3972,1503.00
3973,1378.00
3974,908.00
3975,1455.00
3976,963.00
3977,1996.00
3978,904.00
3979,2545.00
3982,1131.00
3983,808.00
3984,1278.00
3985,414.00
3986,188.00
3987,192.00
3988,436.00
3989,316.00
3991,114.00
3992,334.00
3993,419.00
3994,346.00
3995,528.00
3996,128.00
3997,338.00
3998,412.00
3999,204.00
4000,108.00
4001,310.00
4051,9471.00
4052,21710.00
4053,21179.00
4054,18833.00
4055,21996.00
4056,20841.00
4057,26744.00
4058,25782.00
4059,6591.00
4101,54.00
4102,15637.00
4103,6860.00
4104,11273.00
4105,3555.00
4106,9903.00
4107,5587.00
4108,1446.00
4112,2403.00
4114,2112.00
4115,207.00
4116,746.00
4117,271.00
4118,1382.00
4123,21654.00
4124,1481.00
4125,21946.00
4126,1288.00
4127,10589.00
4132,17569.00
4133,16484.00
4142,12098.00
4143,6795.00
4144,9270.00
4145,923.00
4146,1273.00
4147,10620.00
4148,2382.00
4153,19703.00
4202,1598.00
4203,1926.00
4204,964.00
4206,1060.00
4207,749.00
4208,1966.00
4222,2685.00
4223,702.00
4224,464.00
4225,1687.00
4226,4139.00
4227,2361.00
4228,938.00
4229,273.00
4232,616.00
4233,657.00
4234,658.00
4242,5913.00
4243,730.00
4244,1878.00
4245,1189.00
4246,1544.00
4247,503.00
4252,780.00
4253,378.00
4254,716.00
4302,1057.00
4303,5500.00
4304,1118.00
4305,403.00
4310,13593.00
4312,3889.00
4313,11256.00
4314,2484.00
4315,902.00
4316,811.00
4317,1007.00
4322,1541.00
4323,2061.00
4324,1076.00
4325,859.00
4332,3405.00
4333,1034.00
4334,1684.00
4402,6493.00
4410,15422.00
4411,1299.00
4412,1153.00
4413,1066.00
4414,4646.00
4415,5772.00
4416,4437.00
4417,1632.00
4418,1565.00
4419,1504.00
4421,391.00
4422,1671.00
4423,362.00
4424,593.00
4425,413.00
4426,312.00
4431,655.00
4432,546.00
4433,744.00
4434,2609.00
4435,1805.00
4436,2573.00
4437,1082.00
4438,986.00
4441,1425.00
4442,785.00
4443,422.00
4444,463.00
4445,233.00
4446,713.00
4447,538.00
4448,1395.00
4450,6828.00
4451,616.00
4452,2315.00
4453,276.00
4455,2719.00
4456,909.00
4457,1617.00
4458,563.00
4460,6202.00
4461,798.00
4462,600.00
4463,1097.00
4464,937.00
4465,270.00
4466,2330.00
4467,780.00
4468,529.00
4469,531.00
4492,818.00
4493,692.00
4494,524.00
4495,502.00
4496,171.00
4497,777.00
4500,17400.00
4512,5383.00
4513,3837.00
4514,1586.00
4515,1833.00
4522,1300.00
4523,369.00
4524,1209.00
4525,195.00
4528,9380.00
4532,1057.00
4533,1919.00
4534,1026.00
4535,737.00
4536,1559.00
4537,2478.00
4538,1826.00
4539,740.00
4542,3567.00
4543,2309.00
4552,6850.00
4553,3211.00
4554,1212.00
4556,1889.00
4557,866.00
4558,730.00
4562,8591.00
4563,5704.00
4564,1569.00
4565,2146.00
4566,3114.00
4571,895.00
4573,2965.00
4574,1122.00
4576,182.00
4577,247.00
4578,244.00
4579,186.00
4581,257.00
4582,182.00
4583,547.00
4584,348.00
4585,356.00
4586,388.00
4587,239.00
4588,436.00
4600,18332.00
4612,5455.00
4613,1135.00
4614,5204.00
4615,41.00
4616,3412.00
4617,1714.00
4618,821.00
4622,4211.00
4623,2372.00
4624,1752.00
4625,2345.00
4626,1274.00
4628,2385.00
4629,1798.00
4632,6633.00
4633,313.00
4634,452.00
4652,2017.00
4653,2436.00
4654,4067.00
4655,1263.00
4656,1865.00
4657,5203.00
4658,2953.00
4663,8747.00
4665,15026.00
4702,6607.00
4703,1873.00
4704,5185.00
4710,6373.00
4712,1846.00
4713,1335.00
4714,554.00
4715,584.00
4716,1167.00
4717,2133.00
4718,730.00
4719,297.00
4800,11487.00
4802,5031.00
4803,1981.00
4805,4113.00
4806,1419.00
4812,959.00
4813,1382.00
4814,879.00
4852,9494.00
4853,2302.00
4856,749.00
4900,15271.00
4911,533.00
4912,4772.00
4913,689.00
4914,4254.00
4915,794.00
4916,147.00
4917,1652.00
4919,175.00
4922,3487.00
4923,1676.00
4924,420.00
4932,2843.00
4933,571.00
4934,2304.00
4935,337.00
4936,558.00
4937,787.00
4938,2000.00
4942,360.00
4943,257.00
4944,422.00
4950,4773.00
4952,1378.00
4953,321.00
4954,1060.00
4955,738.00
5000,15484.00
5004,2078.00
5012,5425.00
5013,4099.00
5014,2752.00
5015,3632.00
5017,10.00
5018,4465.00
5022,2684.00
5023,1624.00
5024,3863.00
5025,280.00
5026,465.00
5027,1588.00
5028,975.00
5032,4245.00
5033,8319.00
5034,10968.00
5035,4391.00
5036,8760.00
5037,4049.00
5040,4520.00
5042,1685.00
5043,1681.00
5044,840.00
5046,1187.00
5053,1342.00
5054,1847.00
5056,294.00
5057,1289.00
5058,167.00
5062,576.00
5063,1033.00
5064,1385.00
5070,5718.00
5072,1150.00
5073,3796.00
5074,2409.00
5075,1091.00
5076,805.00
5077,325.00
5078,624.00
5079,1220.00
5080,2472.00
5082,2551.00
5083,266.00
5084,206.00
5085,1017.00
5102,5898.00
5103,4716.00
5105,1669.00
5106,1517.00
5107,1899.00
5108,524.00
5112,912.00
5113,1487.00
5116,1342.00
5200,10239.00
5210,8053.00
5212,3779.00
5213,1645.00
5222,1372.00
5223,1527.00
5225,1651.00
5233,539.00
5234,1640.00
5235,846.00
5236,1360.00
5237,402.00
5242,7184.00
5243,1110.00
5244,757.00
5245,427.00
5246,712.00
5272,1079.00
5273,277.00
5274,351.00
5275,435.00
5276,743.00
5277,295.00
5300,3521.00
5301,443.00
5303,5005.00
5304,2272.00
5305,338.00
5306,1282.00
5312,4375.00
5313,3601.00
5314,3807.00
5315,336.00
5316,2064.00
5317,281.00
5318,343.00
5322,1675.00
5323,758.00
5324,958.00
5325,1507.00
5326,703.00
5330,4619.00
5332,979.00
5333,273.00
5334,166.00
5400,13986.00
5405,3211.00
5406,2740.00
5408,3586.00
5412,5665.00
5413,2939.00
5415,7260.00
5416,1536.00
5417,6518.00
5420,4827.00
5423,1102.00
5425,1526.00
5426,2866.00
5430,21100.00
5432,8972.00
5436,6702.00
5442,5984.00
5443,4498.00
5444,1888.00
5445,1038.00
5452,4165.00
5453,2070.00
5454,1569.00
5462,719.00
5463,347.00
5464,349.00
5465,231.00
5466,420.00
5467,582.00
5502,4308.00
5503,3037.00
5504,3091.00
5505,877.00
5506,2200.00
5507,6019.00
5512,1814.00
5522,1533.00
5524,3005.00
5525,1714.00
5600,11831.00
5603,4174.00
5604,1342.00
5605,5091.00
5606,2379.00
5607,2448.00
5608,2420.00
5610,15623.00
5611,1517.00
5612,6563.00
5613,290.00
5614,3054.00
5615,2460.00
5616,2810.00
5617,452.00
5618,675.00
5619,1614.00
5620,7477.00
5621,4713.00
5622,3088.00
5623,2987.00
5624,1197.00
5625,408.00
5626,1228.00
5627,628.00
5628,1588.00
5630,8393.00
5632,1323.00
5634,3099.00
5636,658.00
5637,1477.00
5642,1263.00
5643,3884.00
5644,2271.00
5645,455.00
5646,1054.00
5647,1594.00
5702,4755.00
5703,5433.00
5704,1544.00
5705,1003.00
5706,1666.00
5707,4333.00
5708,1361.00
5712,3477.00
5722,8426.00
5723,1755.00
5724,1347.00
5725,741.00
5726,3509.00
5727,2863.00
5728,2096.00
5732,1382.00
5733,502.00
5734,9216.00
5735,804.00
5736,1095.00
5737,6779.00
5742,4750.00
5745,4412.00
5746,791.00
6000,358.00
6003,17024.00
6004,9403.00
6005,23389.00
6006,17787.00
6010,25129.00
6012,3225.00
6013,239.00
6014,10095.00
6015,8096.00
6016,1351.00
6017,6023.00
6018,3426.00
6019,467.00
6020,23311.00
6022,3227.00
6023,7856.00
6024,2445.00
6025,1491.00
6026,3015.00
6027,1040.00
6028,228.00
6030,14409.00
6032,8304.00
6033,5814.00
6034,3005.00
6035,827.00
6036,1609.00
6037,5373.00
6038,2038.00
6039,74.00
6042,1419.00
6043,5504.00
6044,2479.00
6045,7705.00
6047,1340.00
6048,12042.00
6052,6013.00
6053,744.00
6055,5475.00
6056,1271.00
6060,6515.00
6062,1541.00
6063,1327.00
6064,5726.00
6066,354.00
6067,345.00
6068,34.00
6072,4382.00
6073,607.00
6074,3996.00
6078,2086.00
6083,367.00
6084,119.00
6085,295.00
6086,320.00
6102,7350.00
6103,1574.00
6105,1384.00
6106,767.00
6110,4913.00
6112,802.00
6113,521.00
6114,284.00
6122,2142.00
6123,502.00
6125,473.00
6126,208.00
6130,7543.00
6132,152.00
6133,1803.00
6142,1193.00
6143,352.00
6144,1885.00
6145,699.00
6146,776.00
6147,1118.00
6152,232.00
6153,947.00
6154,438.00
6156,828.00
6162,2770.00
6163,491.00
6166,1731.00
6167,55.00
6170,4302.00
6173,1024.00
6174,747.00
6182,2643.00
6192,523.00
6196,1210.00
6197,995.00
6203,1390.00
6204,4179.00
6205,1617.00
6206,4844.00
6207,4118.00
6208,4054.00
6210,12068.00
6211,396.00
6212,2001.00
6213,763.00
6214,3056.00
6215,3434.00
6216,592.00
6217,548.00
6218,2305.00
6221,2870.00
6222,1664.00
6231,986.00
6232,2878.00
6233,2714.00
6234,3691.00
6235,825.00
6236,256.00
6242,2596.00
6243,1618.00
6244,2777.00
6245,369.00
6246,1662.00
6247,4443.00
6248,690.00
6252,4663.00
6253,723.00
6260,5561.00
6262,1113.00
6263,793.00
6264,1871.00
6265,821.00
6274,3744.00
6275,2943.00
6276,1162.00
6277,844.00
6280,9552.00
6283,892.00
6284,1298.00
6285,2798.00
6286,457.00
6287,1359.00
6288,1060.00
6289,1138.00
6294,1012.00
6295,283.00
6300,28900.00
6312,10309.00
6313,4553.00
6314,9334.00
6315,6329.00
6317,2597.00
6318,3986.00
6319,1574.00
6330,15281.00
6331,5089.00
6332,2359.00
6333,3866.00
6340,23356.00
6343,11253.00
6344,1596.00
6345,2316.00
6353,4453.00
6354,1457.00
6356,157.00
6362,3866.00
6363,960.00
6365,253.00
6370,10165.00
6372,2316.00
6373,4937.00
6374,5531.00
6375,3697.00
6376,1641.00
6377,749.00
6382,1009.00
6383,1891.00
6386,1644.00
6387,205.00
6388,294.00
6390,4251.00
6402,1231.00
6403,9583.00
6404,1194.00
6405,3029.00
6410,6401.00
6414,2158.00
6415,3762.00
6416,956.00
6417,2028.00
6418,2577.00
6422,3696.00
6423,3177.00
6424,1124.00
6430,6464.00
6432,1374.00
6433,208.00
6434,815.00
6436,3485.00
6438,4673.00
6440,9189.00
6441,1.00
6442,2355.00
6443,981.00
6452,506.00
6454,2014.00
6460,10795.00
6461,467.00
6462,1881.00
6463,2890.00
6464,824.00
6465,715.00
6466,170.00
6467,5244.00
6468,1765.00
6469,281.00
6472,3867.00
6473,1223.00
6474,382.00
6475,453.00
6476,133.00
6482,345.00
6484,351.00
6485,65.00
6487,445.00
6490,1538.00
6491,153.00
6493,179.00
6500,17362.00
6503,1567.00
6512,8920.00
6513,2944.00
6514,3419.00
6515,859.00
6516,3066.00
6517,3300.00
6518,808.00
6523,666.00
6524,128.00
6525,782.00
6526,276.00
6527,1412.00
6528,2767.00
6532,1861.00
6533,1534.00
6534,875.00
6535,2625.00
6537,1186.00
6538,166.00
6540,235.00
6541,121.00
6542,83.00
6543,78.00
6544,65.00
6545,45.00
6546,29.00
6548,158.00
6556,172.00
6557,680.00
6558,856.00
6562,332.00
6563,1075.00
6565,290.00
6571,33.00
6572,1220.00
6573,544.00
6574,634.00
6575,657.00
6576,231.00
6577,89.00
6578,99.00
6579,452.00
6582,612.00
6583,195.00
6584,69.00
6592,2636.00
6593,2915.00
6594,1134.00
6595,1252.00
6596,4855.00
6597,536.00
6598,2939.00
6599,163.00
6600,17207.00
6605,711.00
6611,125.00
6612,5461.00
6613,120.00
6614,1613.00
6616,6273.00
6618,440.00
6622,418.00
6631,7.00
6632,286.00
6633,98.00
6634,162.00
6635,75.00
6636,90.00
6637,86.00
6644,683.00
6645,712.00
6646,427.00
6647,198.00
6648,7035.00
6652,860.00
6653,1123.00
6654,758.00
6655,554.00
6656,334.00
6657,78.00
6658,44.00
6659,93.00
6661,330.00
6662,68.00
6663,92.00
6664,59.00
6670,588.00
6672,971.00
6673,875.00
6674,239.00
6675,456.00
6676,263.00
6677,934.00
6678,568.00
6682,42.00
6683,56.00
6684,29.00
6685,53.00
6690,391.00
6692,140.00
6693,79.00
6694,101.00
6695,122.00
6696,47.00
6702,3120.00
6703,1207.00
6705,743.00
6707,550.00
6710,6110.00
6713,1341.00
6714,395.00
6715,277.00
6716,348.00
6717,457.00
6718,852.00
6719,287.00
6720,149.00
6721,481.00
6722,502.00
6723,286.00
6724,254.00
6742,844.00
6743,890.00
6744,308.00
6745,790.00
6746,348.00
6747,230.00
6748,72.00
6749,147.00
6760,1441.00
6763,355.00
6764,189.00
6772,247.00
6773,134.00
6774,177.00
6775,268.00
6776,355.00
6777,328.00
6780,1432.00
6781,94.00
6802,2178.00
6803,886.00
6804,627.00
6805,1382.00
6806,640.00
6807,2082.00
6808,999.00
6809,357.00
6810,388.00
6814,3237.00
6815,1796.00
6816,945.00
6817,723.00
6818,1474.00
6821,795.00
6822,916.00
6823,62.00
6825,830.00
6826,2663.00
6827,458.00
6828,3293.00
6830,6569.00
6832,851.00
6833,3346.00
6834,4371.00
6835,697.00
6837,487.00
6838,394.00
6839,336.00
6850,6567.00
6852,1068.00
6853,1788.00
6854,1708.00
6855,2752.00
6862,1581.00
6863,583.00
6864,1259.00
6865,462.00
6866,296.00
6872,494.00
6873,399.00
6874,1581.00
6875,222.00
6877,2853.00
6883,2346.00
6900,36287.00
6912,1515.00
6913,585.00
6914,837.00
6915,769.00
6916,473.00
6917,522.00
6918,1580.00
6919,113.00
6921,415.00
6922,714.00
6924,2070.00
6925,1519.00
6926,2544.00
6927,640.00
6928,1328.00
6929,1367.00
6930,1495.00
6932,5143.00
6933,814.00
6934,1753.00
6935,487.00
6936,771.00
6937,315.00
6938,320.00
6939,750.00
6942,2228.00
6943,1917.00
6944,1489.00
6945,1513.00
6946,1921.00
6947,617.00
6948,1574.00
6949,2153.00
6950,1655.00
6951,538.00
6952,2330.00
6953,1104.00
6954,949.00
6955,758.00
6956,330.00
6957,176.00
6958,576.00
6959,473.00
6960,573.00
6962,6564.00
6963,9210.00
6964,1545.00
6965,2522.00
6966,567.00
6967,937.00
6968,1073.00
6974,452.00
6976,1060.00
6977,895.00
6978,218.00
6979,349.00
6980,388.00
6981,665.00
6982,4060.00
6983,1674.00
6984,1364.00
6986,1700.00
6987,4329.00
6988,735.00
6989,355.00
6990,403.00
6991,300.00
6992,1052.00
6993,90.00
6994,361.00
6995,104.00
6997,646.00
6998,847.00
6999,299.00
7000,36562.00
7012,2781.00
7013,8199.00
7014,888.00
7015,1209.00
7016,594.00
7017,1673.00
7018,1093.00
7019,151.00
7023,1112.00
7026,524.00
7027,237.00
7028,232.00
7029,180.00
7031,1795.00
7032,206.00
7050,2011.00
7056,116.00
7057,228.00
7058,57.00
7062,184.00
7063,104.00
7064,199.00
7074,733.00
7075,915.00
7076,220.00
7077,620.00
7078,1502.00
7082,613.00
7083,531.00
7084,138.00
7104,271.00
7106,101.00
7107,140.00
7109,107.00
7110,15.00
7111,82.00
7112,71.00
7113,35.00
7114,55.00
7115,69.00
7116,77.00
7122,326.00
7126,431.00
7127,222.00
7128,56.00
7130,2940.00
7132,923.00
7134,781.00
7137,219.00
7138,138.00
7141,161.00
7142,217.00
7143,224.00
7144,518.00
7145,123.00
7146,85.00
7147,152.00
7148,316.00
7149,175.00
7151,597.00
7152,755.00
7153,637.00
7154,334.00
7155,103.00
7156,420.00
7157,149.00
7158,298.00
7159,204.00
7162,107.00
7163,295.00
7164,139.00
7165,676.00
7166,974.00
7167,96.00
7168,76.00
7172,418.00
7173,207.00
7174,21.00
7175,284.00
7176,152.00
7180,1714.00
7182,15.00
7183,45.00
7184,258.00
7185,74.00
7186,241.00
7187,193.00
7188,743.00
7189,244.00
7202,183.00
7203,3208.00
7204,2602.00
7205,3545.00
7206,3687.00
7208,2506.00
7212,1425.00
7213,118.00
7214,1594.00
7215,442.00
7220,2388.00
7222,204.00
7223,194.00
7224,102.00
7226,195.00
7228,167.00
7231,445.00
7232,205.00
7233,703.00
7235,613.00
7240,1003.00
7241,241.00
7242,186.00
7243,594.00
7244,28.00
7245,106.00
7246,215.00
7247,750.00
7249,457.00
7250,2592.00
7252,622.00
7260,2670.00
7265,635.00
7270,5933.00
7272,234.00
7276,333.00
7277,401.00
7278,166.00
7302,4876.00
7303,599.00
7304,3134.00
7306,850.00
7307,938.00
7310,6654.00
7312,618.00
7313,99.00
7314,52.00
7315,383.00
7317,423.00
7320,6426.00
7323,2877.00
7324,2138.00
7325,97.00
7326,116.00
7402,3500.00
7403,1612.00
7404,128.00
7405,301.00
7407,54.00
7408,1356.00
7411,979.00
7412,822.00
7413,182.00
7414,169.00
7415,601.00
7416,218.00
7417,566.00
7418,500.00
7419,135.00
7421,466.00
7422,171.00
7423,202.00
7424,163.00
7425,503.00
7426,251.00
7427,166.00
7428,142.00
7430,3428.00
7431,46.00
7432,404.00
7433,383.00
7434,145.00
7435,319.00
7436,51.00
7437,134.00
7438,60.00
7440,759.00
7442,36.00
7443,126.00
7444,47.00
7445,26.00
7447,140.00
7448,28.00
7450,258.00
7451,108.00
7452,258.00
7453,209.00
7454,61.00
7455,16.00
7456,99.00
7457,183.00
7458,66.00
7459,127.00
7460,1091.00
7462,185.00
7463,145.00
7464,130.00
7472,238.00
7473,64.00
7477,415.00
7482,394.00
7484,64.00
7492,342.00
7493,212.00
7494,375.00
7500,4722.00
7502,605.00
7503,2905.00
7504,2100.00
7505,1412.00
7512,435.00
7513,862.00
7514,606.00
7515,83.00
7516,356.00
7517,8.00
7522,698.00
7523,208.00
7524,1228.00
7525,498.00
7526,207.00
7527,105.00
7530,1031.00
7532,148.00
7533,111.00
7534,47.00
7535,166.00
7536,316.00
7537,637.00
7542,192.00
7543,202.00
7545,186.00
7546,389.00
7550,2469.00
7551,470.00
7552,127.00
7553,198.00
7554,762.00
7556,360.00
7557,61.00
7558,181.00
7559,145.00
7560,79.00
7562,435.00
7563,356.00
7602,94.00
7603,329.00
7604,84.00
7605,182.00
7606,206.00
7608,174.00
7610,151.00
7710,3.00
7741,615.00
7742,1488.00
7743,680.00
7744,158.00
7745,957.00
7746,382.00
7747,60.00
7748,241.00
8000,1601.00
8001,5552.00
8002,9935.00
8003,20249.00
8004,27168.00
8005,15587.00
8006,18456.00
8008,17159.00
8032,18085.00
8037,16181.00
8038,17584.00
8041,8856.00
8044,11405.00
8045,11138.00
8046,25612.00
8047,21204.00
8048,31071.00
8049,23887.00
8050,30358.00
8051,22550.00
8052,20008.00
8053,11231.00
8055,19645.00
8057,22040.00
8064,3589.00
8102,6810.00
8103,4116.00
8104,2682.00
8105,13902.00
8106,4837.00
8107,6630.00
8108,4271.00
8109,19.00
8112,2944.00
8113,1452.00
8114,1865.00
8115,959.00
8117,5173.00
8118,2203.00
8121,2085.00
8122,2208.00
8123,2806.00
8124,2267.00
8125,5294.00
8126,5633.00
8127,4265.00
8132,6838.00
8133,1953.00
8134,19207.00
8135,8111.00
8136,2607.00
8142,5106.00
8143,3874.00
8152,21219.00
8153,8161.00
8154,7520.00
8155,7301.00
8156,2211.00
8157,6151.00
8158,466.00
8162,3612.00
8164,640.00
8165,4101.00
8166,3082.00
8172,5171.00
8173,3302.00
8174,1592.00
8175,760.00
8180,23627.00
8181,3307.00
8182,1985.00
8184,4205.00
8185,4856.00
8187,2077.00
8192,5259.00
8193,5523.00
8194,1093.00
8195,588.00
8196,1565.00
8197,4674.00
8200,28592.00
8203,2952.00
8207,5504.00
8212,11050.00
8213,2498.00
8214,909.00
8215,2335.00
8216,429.00
8217,1391.00
8218,354.00
8219,633.00
8222,4897.00
8223,259.00
8224,1619.00
8225,901.00
8226,1749.00
8228,463.00
8231,648.00
8232,873.00
8233,322.00
8234,1467.00
8235,759.00
8236,553.00
8239,1052.00
8240,4775.00
8241,182.00
8242,416.00
8243,182.00
8245,2600.00
8246,1171.00
8247,1513.00
8248,1626.00
8252,1867.00
8253,4110.00
8254,1083.00
8255,759.00
8259,1787.00
8260,3571.00
8261,478.00
8262,1540.00
8263,310.00
8264,1913.00
8265,659.00
8266,3997.00
8267,928.00
8268,772.00
8269,668.00
8272,3308.00
8273,462.00
8274,5422.00
8280,22856.00
8302,20967.00
8303,12062.00
8304,17299.00
8305,7853.00
8306,5440.00
8307,12468.00
8308,4696.00
8309,5723.00
8310,1539.00
8311,2161.00
8312,979.00
8314,352.00
8315,838.00
8317,2407.00
8320,6747.00
8322,986.00
8330,11740.00
8331,639.00
8332,3530.00
8335,3756.00
8340,10633.00
8342,933.00
8344,3846.00
8345,1114.00
8352,3789.00
8353,4478.00
8354,533.00
8355,5526.00
8356,1427.00
8357,1491.00
8360,4936.00
8362,2021.00
8363,1012.00
8370,6413.00
8371,869.00
8372,703.00
8374,2174.00
8376,629.00
8400,41237.00
8404,21162.00
8405,18713.00
8406,13829.00
8408,16723.00
8409,3400.00
8412,988.00
8413,4773.00
8414,1038.00
8415,592.00
8416,1474.00
8418,743.00
8421,829.00
8422,4053.00
8424,10005.00
8425,1092.00
8426,2767.00
8427,4825.00
8428,477.00
8442,3118.00
8444,2257.00
8447,1967.00
8450,2230.00
8451,1439.00
8452,707.00
8453,305.00
8454,875.00
8455,814.00
8457,494.00
8458,712.00
8459,381.00
8460,1870.00
8461,388.00
8462,1285.00
8463,847.00
8464,80.00
8465,392.00
8466,677.00
8467,465.00
8468,643.00
8471,1092.00
8472,7692.00
8474,1730.00
8475,1707.00
8476,1012.00
8477,1169.00
8478,977.00
8479,729.00
8482,1750.00
8483,3090.00
8484,3408.00
8486,1937.00
8487,1560.00
8488,4716.00
8489,1022.00
8492,2156.00
8493,1619.00
8494,2996.00
8495,193.00
8496,932.00
8497,807.00
8498,1033.00
8499,374.00
8500,27315.00
8505,2198.00
8506,455.00
8507,692.00
8508,900.00
8512,1547.00
8514,1468.00
8522,559.00
8523,1150.00
8524,1120.00
8525,522.00
8526,625.00
8532,1410.00
8535,673.00
8536,1097.00
8537,676.00
8542,5082.00
8543,1158.00
8544,418.00
8545,2773.00
8546,2013.00
8547,1513.00
8548,1035.00
8552,3169.00
8553,852.00
8554,443.00
8555,3218.00
8556,1977.00
8558,441.00
8560,2358.00
8561,594.00
8564,1275.00
8565,425.00
8566,1244.00
8570,11914.00
8572,2988.00
8573,1060.00
8574,1759.00
8575,3680.00
8576,506.00
8577,882.00
8580,14914.00
8581,407.00
8582,715.00
8583,4047.00
8584,440.00
8585,2227.00
8586,4479.00
8587,979.00
8588,1408.00
8589,956.00
8590,11557.00
8592,1917.00
8593,1007.00
8594,1716.00
8595,2347.00
8596,2066.00
8597,1456.00
8598,2698.00
8599,1554.00
8600,28411.00
8602,2657.00
8603,5130.00
8604,17491.00
8605,1921.00
8606,8341.00
8607,1455.00
8608,3872.00
8610,30180.00
8614,1694.00
8615,1387.00
8616,792.00
8617,4091.00
8618,4947.00
8620,17340.00
8623,8670.00
8624,2367.00
8625,5344.00
8626,1302.00
8627,3847.00
8630,12703.00
8632,4030.00
8633,3628.00
8634,8485.00
8635,3735.00
8636,8412.00
8637,2038.00
8638,1088.00
8640,8768.00
8645,18357.00
8646,1220.00
8700,14039.00
8702,8179.00
8703,5686.00
8704,6741.00
8706,14754.00
8707,6325.00
8708,11437.00
8712,11691.00
8713,3191.00
8714,488.00
8715,136.00
8716,4081.00
8717,3018.00
8718,3131.00
8722,5063.00
8723,827.00
8725,1224.00
8726,431.00
8727,227.00
8730,6898.00
8732,992.00
8733,4920.00
8734,788.00
8735,1912.00
8737,1977.00
8738,1313.00
8739,754.00
8750,6799.00
8751,40.00
8752,4918.00
8753,4186.00
8754,3091.00
8755,2641.00
8756,1007.00
8757,563.00
8758,502.00
8762,3191.00
8765,607.00
8766,282.00
8767,606.00
8772,260.00
8773,597.00
8774,149.00
8775,816.00
8777,385.00
8782,354.00
8783,999.00
8784,259.00
8800,15785.00
8802,9297.00
8803,6224.00
8804,5974.00
8805,10957.00
8806,2294.00
8807,3100.00
8808,7431.00
8810,21045.00
8815,341.00
8816,2187.00
8820,16448.00
8824,1894.00
8825,877.00
8832,11049.00
8833,3037.00
8834,3783.00
8835,1708.00
8836,1142.00
8840,11430.00
8841,1414.00
8842,1999.00
8843,846.00
8844,721.00
8845,467.00
8846,1127.00
8847,550.00
8849,615.00
8852,7209.00
8853,9408.00
8854,11177.00
8855,3924.00
8856,3249.00
8857,983.00
8858,180.00
8862,2679.00
8863,2732.00
8864,4063.00
8865,2501.00
8866,457.00
8867,3845.00
8868,2004.00
8872,2263.00
8873,1489.00
8874,443.00
8877,718.00
8878,42.00
8880,4495.00
8881,570.00
8882,886.00
8883,389.00
8884,376.00
8885,546.00
8886,162.00
8887,6888.00
8888,1492.00
8889,575.00
8890,3735.00
8892,695.00
8893,388.00
8894,177.00
8895,224.00
8896,409.00
8897,222.00
8898,100.00
8902,10380.00
8903,7055.00
8904,1672.00
8905,2580.00
8906,5624.00
8907,5282.00
8908,3871.00
8909,1339.00
8910,11249.00
8911,1149.00
8912,5787.00
8913,2858.00
8914,1991.00
8915,2903.00
8916,2316.00
8917,2096.00
8918,1552.00
8919,913.00
8925,961.00
8926,1321.00
8932,5635.00
8933,644.00
8934,2416.00
8942,5289.00
8951,3160.00
8952,20302.00
8953,28167.00
8954,4306.00
8955,2560.00
8956,2072.00
8957,12317.00
8962,2934.00
8964,4622.00
8965,4876.00
8966,2586.00
8967,3883.00
9000,35685.00
9008,8411.00
9010,2700.00
9011,2983.00
9012,2063.00
9014,10571.00
9015,4522.00
9016,10209.00
9030,5572.00
9032,2966.00
9033,1007.00
9034,1849.00
9035,935.00
9036,504.00
9037,763.00
9038,1776.00
9042,3742.00
9043,1858.00
9044,913.00
9050,10736.00
9052,1860.00
9053,4091.00
9054,684.00
9055,1943.00
9056,3064.00
9057,1100.00
9058,487.00
9062,482.00
9063,1430.00
9064,679.00
9100,15417.00
9103,1429.00
9104,1847.00
9105,1239.00
9107,2541.00
9108,1374.00
9112,387.00
9113,3728.00
9114,243.00
9115,368.00
9116,478.00
9122,802.00
9123,320.00
9125,969.00
9126,390.00
9127,559.00
9200,16288.00
9203,1472.00
9204,2208.00
9205,2529.00
9212,1855.00
9213,1291.00
9214,1508.00
9215,1687.00
9216,666.00
9217,483.00
9220,5807.00
9223,572.00
9225,683.00
9230,10347.00
9231,179.00
9240,5332.00
9242,5089.00
9243,1828.00
9244,6264.00
9245,3120.00
9246,1492.00
9247,1635.00
9248,1020.00
9249,917.00
9300,9689.00
9304,931.00
9305,938.00
9306,1465.00
9308,531.00
9312,911.00
9313,1205.00
9314,675.00
9315,2115.00
9320,15619.00
9322,2146.00
9323,3581.00
9325,1746.00
9326,2908.00
9327,1597.00
9400,9798.00
9402,3608.00
9403,9541.00
9404,7588.00
9405,386.00
9410,4238.00
9411,701.00
9413,1677.00
9422,2921.00
9423,962.00
9424,3649.00
9425,3102.00
9426,931.00
9427,1846.00
9428,1995.00
9430,6075.00
9434,4869.00
9435,5077.00
9436,4610.00
9437,2143.00
9442,3810.00
9443,9569.00
9444,6602.00
9445,4904.00
9450,11200.00
9451,1912.00
9452,952.00
9453,1182.00
9462,2006.00
9463,5348.00
9464,2929.00
9465,858.00
9466,1997.00
9467,836.00
9468,878.00
9469,1537.00
9470,15070.00
9472,6155.00
9473,3610.00
9475,4952.00
9476,1346.00
9477,1443.00
9478,1763.00
9479,843.00
9500,19406.00
9502,855.00
9503,201.00
9504,322.00
9506,821.00
9507,1216.00
9508,433.00
9512,1264.00
9514,718.00
9515,475.00
9517,536.00
9523,1225.00
9524,3790.00
9525,772.00
9526,1047.00
9527,1339.00
9532,3004.00
9533,3376.00
9534,1022.00
9535,2510.00
9536,2084.00
9542,4724.00
9543,1052.00
9545,4282.00
9546,534.00
9547,478.00
9548,3088.00
9552,3842.00
9553,1275.00
9554,677.00
9555,979.00
9556,1251.00
9562,1397.00
9565,1447.00
9573,88.00
9601,469.00
9602,5196.00
9604,1484.00
9606,3052.00
9607,1767.00
9608,1220.00
9612,386.00
9613,427.00
9614,329.00
9615,640.00
9620,2656.00
9621,940.00
9622,275.00
9630,6693.00
9631,1225.00
9633,968.00
9642,4909.00
9643,574.00
9650,1733.00
9651,425.00
9652,740.00
9655,337.00
9656,665.00
9657,718.00
9658,1229.00