PLZ,Population in 2022,chunk
1000,4072.0,3
1003,6707.0,3
1004,31230.0,0
1005,12386.0,0
1006,15391.0,2
1007,22538.0,3
1008,13749.0,0
1009,18851.0,2
1010,15376.0,3
1011,33.0,3
1012,12042.0,0
1018,21021.0,0
1020,21086.0,3
1022,8737.0,3
1023,9200.0,0
1024,13118.0,1
1025,5046.0,1
1026,4669.0,2
1027,2672.0,3
1028,5204.0,2
1029,982.0,2
1030,10365.0,0
1031,818.0,1
1032,4084.0,0
1033,4720.0,2
1034,1006.0,0
1035,511.0,2
1036,1168.0,3
1037,1147.0,1
1038,1361.0,2
1040,7925.0,0
1041,3729.0,1
1042,2315.0,2
1043,442.0,3
1044,737.0,0
1045,330.0,0
1046,303.0,1
1047,203.0,3
1052,9300.0,3
1053,3687.0,0
1054,1172.0,2
1055,2722.0,1
1058,455.0,1
1059,434.0,0
1061,256.0,3
1062,350.0,1
1063,1186.0,2
1066,9822.0,3
1068,127.0,3
1070,2910.0,0
1071,2977.0,3
1072,2043.0,1
1073,3414.0,1
1076,377.0,2
1077,1294.0,1
1078,408.0,2
1080,850.0,0
1081,661.0,2
1082,478.0,0
1083,1294.0,2
1084,1435.0,3
1085,631.0,3
1088,527.0,3
1090,1628.0,0
1091,2910.0,0
1092,3839.0,0
1093,3012.0,3
1094,1548.0,1
1095,6090.0,3
1096,1878.0,2
1097,334.0,2
1098,333.0,2
1110,17529.0,1
1112,1561.0,2
1113,629.0,3
1114,579.0,2
1115,561.0,2
1116,478.0,2
1117,489.0,2
1121,606.0,1
1122,460.0,2
1123,557.0,2
1124,1030.0,0
1125,439.0,2
1126,185.0,2
1127,213.0,3
1128,413.0,0
1131,1890.0,2
1132,813.0,3
1134,1303.0,2
1135,714.0,0
1136,410.0,3
1141,224.0,3
1142,1240.0,0
1143,1491.0,2
1144,589.0,3
1145,1675.0,2
1146,324.0,2
1147,979.0,1
1148,2849.0,3
1149,303.0,0
1162,5882.0,2
1163,2931.0,0
1164,674.0,1
1165,424.0,0
1166,1549.0,2
1167,729.0,0
1168,615.0,1
1169,1511.0,3
1170,3166.0,0
1172,518.0,0
1173,886.0,1
1174,618.0,0
1175,1030.0,0
1176,693.0,2
1180,6830.0,1
1182,1316.0,1
1183,812.0,2
1184,989.0,0
1185,2767.0,2
1186,554.0,3
1187,455.0,1
1188,3484.0,1
1189,448.0,1
1195,1131.0,2
1196,13664.0,2
1197,4278.0,2
1200,5008.0,2
1201,21854.0,1
1202,34568.0,0
1203,34152.0,2
1204,5513.0,1
1205,34077.0,1
1206,20520.0,2
1207,18466.0,3
1208,14680.0,1
1209,10053.0,3
1212,18377.0,3
1213,35061.0,1
1214,8146.0,0
1215,15.0,1
1216,2785.0,0
1217,24425.0,1
1218,12599.0,2
1219,22244.0,2
1220,5593.0,2
1222,5640.0,2
1223,5970.0,2
1224,11296.0,3
1225,8836.0,0
1226,16115.0,1
1227,26581.0,3
1228,11438.0,3
1231,2480.0,0
1232,4603.0,3
1233,10220.0,1
1234,5749.0,1
1236,1055.0,2
1237,1708.0,0
1239,1623.0,1
1241,2527.0,1
1242,4326.0,2
1243,737.0,2
1244,1222.0,3
1245,2856.0,2
1246,2267.0,2
1247,2417.0,1
1248,1189.0,3
1251,483.0,1
1252,2069.0,1
1253,2851.0,2
1254,1209.0,1
1255,6154.0,2
1256,3226.0,0
1257,2529.0,1
1258,3169.0,2
1260,22465.0,1
1261,2440.0,0
1262,1775.0,3
1263,1236.0,2
1264,2568.0,2
1265,220.0,2
1266,1113.0,3
1267,1658.0,1
1268,2372.0,2
1269,1486.0,2
1270,1430.0,1
1271,1015.0,2
1272,2026.0,3
1273,2960.0,2
1274,985.0,3
1275,1249.0,3
1276,1266.0,1
1277,1382.0,1
1278,1196.0,3
1279,2272.0,3
1281,542.0,2
1283,1799.0,0
1284,1651.0,3
1285,1392.0,1
1286,963.0,1
1287,694.0,3
1288,1145.0,3
1290,14474.0,1
1291,2976.0,2
1292,4002.0,3
1293,4189.0,1
1294,2764.0,3
1295,3944.0,2
1296,3179.0,2
1297,3802.0,1
1298,845.0,0
1299,2363.0,1
1302,1337.0,1
1303,1923.0,3
1304,5113.0,3
1305,3209.0,1
1306,1064.0,2
1307,482.0,0
1308,405.0,1
1312,1198.0,1
1313,308.0,0
1315,2607.0,3
1316,336.0,0
1317,471.0,3
1318,858.0,0
1321,691.0,3
1322,386.0,2
1323,559.0,1
1324,236.0,2
1325,485.0,2
1326,347.0,2
1329,264.0,1
1337,3958.0,0
1338,1153.0,1
1341,724.0,0
1342,461.0,1
1343,318.0,0
1344,362.0,1
1345,568.0,3
1346,711.0,0
1347,2486.0,1
1348,1393.0,3
1350,7613.0,0
1352,379.0,0
1353,203.0,0
1354,496.0,0
1355,400.0,0
1356,186.0,1
1357,447.0,0
1358,606.0,3
1372,1025.0,1
1373,4813.0,0
1374,359.0,0
1375,431.0,2
1376,1171.0,1
1377,606.0,2
1400,30380.0,2
1404,328.0,1
1405,863.0,2
1406,410.0,2
1407,1029.0,2
1408,116.0,2
1409,110.0,1
1410,1844.0,0
1412,472.0,0
1413,208.0,2
1415,426.0,2
1416,566.0,2
1417,1081.0,2
1418,1107.0,0
1420,437.0,3
1421,449.0,3
1422,3360.0,2
1423,886.0,2
1424,1073.0,0
1425,495.0,0
1426,1417.0,0
1427,479.0,3
1428,533.0,3
1429,448.0,2
1430,406.0,3
1431,236.0,3
1432,619.0,3
1433,671.0,3
1434,372.0,2
1435,223.0,1
1436,1088.0,0
1437,219.0,0
1438,684.0,0
1439,521.0,0
1441,703.0,2
1442,772.0,0
1443,727.0,1
1445,599.0,3
1446,1135.0,3
1450,4187.0,1
1452,211.0,3
1453,633.0,0
1454,639.0,3
1462,3529.0,3
1463,194.0,0
1464,478.0,3
1468,1590.0,3
1470,7444.0,0
1473,935.0,0
1474,815.0,3
1475,1184.0,3
1482,1534.0,1
1483,1166.0,2
1484,827.0,1
1485,494.0,2
1486,260.0,1
1489,785.0,3
1509,635.0,1
1510,6287.0,3
1512,218.0,2
1513,453.0,0
1514,246.0,2
1515,301.0,1
1521,290.0,2
1522,3833.0,3
1523,1566.0,0
1524,283.0,0
1525,770.0,3
1526,173.0,2
1527,389.0,1
1528,380.0,0
1529,369.0,1
1530,10056.0,0
1532,1180.0,0
1533,437.0,0
1534,267.0,3
1535,293.0,3
1536,404.0,3
1537,169.0,3
1538,105.0,2
1541,1047.0,2
1542,527.0,3
1543,1000.0,0
1544,1118.0,0
1545,519.0,3
1551,280.0,3
1552,300.0,2
1553,884.0,1
1554,278.0,1
1555,209.0,1
1562,2852.0,1
1563,1384.0,0
1564,3336.0,3
1565,888.0,3
1566,1929.0,0
1567,477.0,2
1568,832.0,2
1580,4706.0,2
1583,677.0,0
1584,491.0,3
1585,1335.0,2
1586,578.0,0
1587,507.0,0
1588,1875.0,0
1589,409.0,0
1595,955.0,0
1607,1890.0,3
1608,1042.0,3
1609,1021.0,1
1610,2680.0,0
1611,591.0,3
1612,451.0,3
1613,546.0,2
1614,931.0,2
1615,1575.0,1
1616,3164.0,1
1617,1798.0,1
1618,7029.0,3
1619,1136.0,2
1623,1550.0,0
1624,733.0,1
1625,964.0,2
1626,484.0,2
1627,1117.0,1
1628,2543.0,3
1630,20408.0,2
1632,2868.0,1
1633,2071.0,3
1634,1824.0,2
1635,5349.0,0
1636,2649.0,0
1637,2205.0,1
1638,661.0,3
1642,1105.0,3
1643,899.0,2
1644,660.0,1
1645,414.0,2
1646,842.0,1
1647,651.0,1
1648,702.0,2
1649,630.0,0
1651,367.0,2
1652,733.0,1
1653,797.0,1
1654,415.0,2
1656,636.0,0
1657,33.0,2
1658,532.0,2
1659,901.0,1
1660,3492.0,1
1661,1351.0,0
1663,2272.0,1
1665,499.0,3
1666,1147.0,0
1667,823.0,2
1669,1664.0,1
1670,2112.0,3
1673,2166.0,2
1674,948.0,1
1675,1008.0,1
1676,450.0,1
1677,485.0,1
1678,1199.0,0
1679,394.0,0
1680,5871.0,0
1681,883.0,0
1682,866.0,2
1683,408.0,1
1684,823.0,3
1685,368.0,3
1686,261.0,2
1687,1221.0,2
1688,344.0,3
1689,354.0,1
1690,1784.0,2
1691,576.0,1
1692,586.0,0
1694,1477.0,1
1695,1357.0,3
1696,1164.0,3
1697,400.0,0
1699,1193.0,2
1700,37400.0,1
1712,3533.0,3
1713,1661.0,1
1714,1855.0,3
1715,1864.0,0
1716,3240.0,0
1717,1334.0,2
1718,1204.0,2
1719,1071.0,3
1720,2870.0,0
1721,2321.0,2
1722,646.0,0
1723,8815.0,3
1724,3687.0,2
1725,1433.0,2
1726,2691.0,3
1727,1318.0,1
1728,1404.0,0
1730,1246.0,3
1731,1127.0,3
1732,1055.0,1
1733,1532.0,3
1734,1340.0,2
1735,1715.0,2
1736,997.0,0
1737,1038.0,1
1738,188.0,0
1740,2837.0,3
1741,1521.0,2
1742,750.0,1
1744,835.0,0
1745,1106.0,1
1746,1306.0,0
1747,418.0,0
1748,588.0,0
1749,470.0,3
1752,12328.0,0
1753,1745.0,2
1754,1937.0,3
1756,1056.0,3
1757,714.0,1
1762,3183.0,0
1763,3853.0,0
1772,2895.0,2
1773,1092.0,3
1774,1521.0,0
1775,914.0,2
1776,500.0,0
1782,4786.0,0
1783,514.0,1
1784,2905.0,3
1785,1056.0,0
1786,2481.0,0
1787,770.0,1
1788,388.0,3
1789,1002.0,2
1791,1598.0,0
1792,1365.0,3
1793,426.0,0
1794,677.0,2
1795,318.0,0
1796,1136.0,1
1797,559.0,1
1800,19738.0,0
1801,1061.0,3
1802,2303.0,1
1803,2074.0,0
1804,2422.0,1
1805,1831.0,0
1806,5716.0,2
1807,6418.0,3
1808,898.0,0
1809,57.0,3
1814,12382.0,1
1815,9426.0,0
1816,1140.0,2
1817,1028.0,1
1820,10881.0,3
1822,2016.0,1
1823,1093.0,0
1824,589.0,0
1832,672.0,2
1833,343.0,3
1844,5968.0,0
1845,1169.0,2
1846,528.0,2
1847,925.0,1
1852,1938.0,0
1853,1086.0,2
1854,3719.0,3
1856,440.0,1
1860,10905.0,0
1862,444.0,1
1863,560.0,3
1864,290.0,3
1865,1134.0,0
1866,180.0,1
1867,4379.0,3
1868,6355.0,0
1869,1980.0,0
1870,15761.0,1
1871,2689.0,2
1872,4031.0,3
1873,2146.0,3
1874,1350.0,3
1875,813.0,0
1880,8137.0,3
1882,1417.0,1
1884,1837.0,2
1885,1751.0,2
1890,4494.0,0
1891,866.0,1
1892,978.0,3
1893,3378.0,1
1895,2337.0,1
1896,4473.0,0
1897,4397.0,3
1898,988.0,1
1899,565.0,0
1902,1462.0,1
1903,843.0,3
1904,1838.0,2
1905,1086.0,3
1906,2047.0,0
1907,6690.0,0
1908,3010.0,0
1911,723.0,3
1912,2558.0,3
1913,2995.0,3
1914,860.0,2
1918,475.0,0
1920,18728.0,2
1921,1660.0,2
1922,1007.0,2
1923,462.0,0
1925,363.0,0
1926,9049.0,3
1927,428.0,0
1928,676.0,1
1929,160.0,0
1932,862.0,3
1933,1128.0,1
1934,3109.0,3
1936,3377.0,0
1937,2501.0,1
1938,283.0,1
1941,1491.0,0
1942,391.0,3
1943,315.0,0
1944,138.0,1
1945,745.0,2
1946,218.0,3
1947,1418.0,2
1948,623.0,1
1950,27165.0,0
1955,4178.0,3
1957,3564.0,1
1958,4260.0,1
1961,217.0,1
1962,1062.0,1
1963,6510.0,1
1964,5948.0,1
1965,7913.0,0
1966,3717.0,0
1967,3826.0,2
1968,282.0,0
1969,726.0,0
1971,3779.0,3
1972,519.0,3
1973,613.0,3
1974,1397.0,1
1975,554.0,0
1976,2481.0,3
1977,478.0,3
1978,1591.0,2
1981,1587.0,1
1982,569.0,3
1983,790.0,1
1984,501.0,3
1985,307.0,2
1986,57.0,2
1987,1025.0,3
1988,163.0,1
1991,1187.0,3
1992,480.0,2
1993,789.0,2
1994,1600.0,2
1996,2875.0,1
1997,2801.0,2
2000,33200.0,3
2012,1497.0,2
2013,5537.0,3
2014,2047.0,0
2015,867.0,2
2016,4704.0,3
2017,5380.0,1
2019,902.0,1
2022,3743.0,3
2023,994.0,3
2024,2553.0,0
2025,946.0,0
2027,509.0,1
2028,287.0,0
2034,5803.0,3
2035,2932.0,3
2036,1929.0,2
2037,1042.0,0
2042,537.0,1
2043,943.0,1
2046,1082.0,1
2052,1694.0,3
2053,2684.0,3
2054,1979.0,2
2056,1572.0,3
2057,561.0,1
2058,239.0,1
2063,992.0,2
2065,1139.0,1
2067,436.0,2
2068,2692.0,1
2072,3325.0,0
2073,270.0,1
2074,4512.0,2
2075,877.0,2
2087,1612.0,3
2088,1860.0,2
2103,478.0,0
2105,1140.0,0
2108,2842.0,0
2112,793.0,2
2113,335.0,1
2114,3343.0,2
2115,544.0,3
2116,78.0,3
2117,491.0,0
2123,595.0,0
2124,49.0,0
2126,646.0,0
2127,350.0,3
2149,104.0,2
2206,2059.0,2
2207,696.0,1
2208,943.0,2
2300,36180.0,3
2314,1076.0,3
2316,1238.0,1
2318,300.0,1
2322,339.0,1
2325,213.0,0
2333,637.0,3
2336,1261.0,1
2338,360.0,2
2340,1896.0,0
2345,1820.0,2
2350,2260.0,0
2353,277.0,0
2354,69.0,2
2360,302.0,0
2362,549.0,1
2363,131.0,1
2364,220.0,1
2400,9783.0,1
2405,484.0,2
2406,643.0,1
2414,293.0,1
2416,984.0,1
2500,442.0,3
2502,17803.0,2
2503,18295.0,1
2504,17751.0,3
2505,804.0,1
2512,328.0,3
2513,874.0,3
2514,567.0,1
2515,989.0,1
2516,730.0,2
2517,427.0,3
2518,784.0,3
2520,3700.0,0
2523,1037.0,2
2525,4672.0,1
2532,621.0,1
2533,2083.0,0
2534,1245.0,2
2535,203.0,1
2536,429.0,2
2537,209.0,2
2538,210.0,0
2540,17939.0,1
2542,5059.0,3
2543,5595.0,1
2544,4943.0,3
2545,3622.0,0
2552,3250.0,2
2553,2001.0,2
2554,1419.0,1
2555,4441.0,3
2556,1229.0,0
2557,3472.0,3
2558,2359.0,0
2560,7452.0,0
2562,3665.0,1
2563,3901.0,1
2564,1651.0,0
2565,668.0,0
2572,2310.0,0
2575,3495.0,2
2576,559.0,3
2577,1202.0,2
2603,1465.0,3
2604,493.0,1
2605,1885.0,2
2606,1725.0,2
2607,637.0,0
2608,1442.0,0
2610,5216.0,0
2612,473.0,2
2613,891.0,2
2615,1011.0,3
2616,988.0,0
2710,3403.0,0
2712,348.0,0
2713,154.0,1
2714,510.0,3
2715,62.0,2
2716,165.0,2
2717,76.0,0
2718,713.0,2
2720,4262.0,1
2722,451.0,0
2723,115.0,3
2732,3082.0,0
2733,203.0,2
2735,3881.0,2
2736,284.0,1
2738,1389.0,3
2740,7198.0,2
2742,463.0,2
2743,384.0,0
2744,276.0,3
2745,399.0,3
2746,496.0,2
2747,287.0,1
2748,138.0,3
2762,190.0,3
2800,12638.0,3
2802,1354.0,2
2803,261.0,3
2805,440.0,2
2806,117.0,0
2807,345.0,2
2812,419.0,1
2813,116.0,2
2814,271.0,0
2822,2857.0,0
2823,430.0,0
2824,1927.0,2
2825,441.0,0
2826,513.0,3
2827,558.0,0
2828,476.0,1
2829,363.0,2
2830,3289.0,2
2832,405.0,2
2842,733.0,3
2843,471.0,0
2852,2650.0,2
2853,1791.0,3
2854,3769.0,0
2855,1255.0,0
2856,783.0,1
2857,161.0,3
2863,275.0,1
2864,215.0,0
2873,264.0,1
2882,690.0,0
2883,87.0,3
2884,98.0,1
2885,155.0,3
2886,92.0,0
2887,118.0,2
2888,50.0,3
2889,118.0,0
2900,6441.0,1
2902,1053.0,0
2903,215.0,3
2904,406.0,3
2905,786.0,2
2906,637.0,2
2907,141.0,1
2908,391.0,3
2912,182.0,0
2914,92.0,1
2915,637.0,3
2916,333.0,3
2922,293.0,0
2923,609.0,2
2924,196.0,2
2925,406.0,0
2926,1205.0,1
2932,718.0,1
2933,370.0,0
2935,117.0,3
2942,1882.0,0
2943,546.0,1
2944,625.0,0
2946,424.0,1
2947,254.0,1
2950,2435.0,3
2952,1018.0,3
2953,242.0,3
2954,187.0,2
3000,653.0,1
3004,3587.0,0
3005,4549.0,0
3006,19103.0,0
3007,15853.0,0
3008,10863.0,2
3010,2.0,2
3011,4720.0,0
3012,14088.0,3
3013,11072.0,1
3014,13916.0,1
3015,3044.0,2
3018,18090.0,3
3019,887.0,3
3020,516.0,0
3027,12732.0,0
3032,4750.0,0
3033,1732.0,0
3034,256.0,0
3035,249.0,3
3036,931.0,1
3037,1829.0,0
3038,1458.0,2
3042,721.0,1
3043,1561.0,0
3044,621.0,1
3045,1347.0,1
3046,535.0,3
3047,4303.0,0
3048,1952.0,1
3049,562.0,0
3052,12273.0,2
3053,10004.0,1
3054,3735.0,0
3063,9864.0,2
3065,6185.0,3
3066,3582.0,1
3067,3776.0,1
3068,1846.0,2
3072,17862.0,2
3073,7025.0,1
3074,6298.0,3
3075,3892.0,3
3076,6685.0,3
3077,363.0,0
3078,406.0,0
3082,776.0,1
3083,530.0,1
3084,8006.0,3
3086,1174.0,0
3087,563.0,2
3088,1008.0,3
3089,299.0,3
3095,3162.0,2
3096,855.0,3
3097,8620.0,0
3098,11640.0,1
3099,328.0,3
3110,12111.0,1
3111,404.0,0
3112,589.0,2
3113,2931.0,1
3114,4360.0,3
3115,1276.0,2
3116,1488.0,1
3122,4492.0,3
3123,11086.0,0
3124,320.0,3
3125,2723.0,3
3126,1436.0,3
3127,1688.0,0
3128,675.0,2
3132,2415.0,3
3144,1094.0,1
3145,2579.0,1
3147,960.0,0
3148,977.0,1
3150,4404.0,2
3152,698.0,3
3153,452.0,2
3154,1299.0,1
3155,409.0,1
3156,348.0,3
3157,352.0,2
3158,662.0,0
3159,227.0,0
3172,3889.0,2
3173,1449.0,0
3174,2333.0,0
3175,2318.0,2
3176,4529.0,1
3177,3321.0,1
3178,3313.0,1
3179,426.0,0
3182,2420.0,0
3183,396.0,1
3184,3209.0,2
3185,4312.0,3
3186,8724.0,1
3202,1365.0,3
3203,1275.0,0
3204,1022.0,3
3205,1179.0,2
3206,1147.0,2
3207,676.0,3
3208,245.0,1
3210,5287.0,0
3212,2204.0,2
3213,1464.0,0
3214,423.0,2
3215,662.0,1
3216,1211.0,2
3225,1609.0,1
3226,443.0,0
3232,3611.0,2
3233,489.0,1
3234,883.0,2
3235,1377.0,3
3236,1018.0,0
3237,621.0,2
3238,828.0,2
3250,14164.0,0
3251,851.0,1
3252,2529.0,3
3253,1131.0,0
3254,1214.0,2
3255,1212.0,0
3256,689.0,3
3257,2435.0,2
3262,630.0,2
3263,920.0,2
3264,1016.0,0
3266,587.0,3
3267,1895.0,2
3268,491.0,0
3270,4609.0,0
3271,375.0,2
3272,1350.0,0
3273,1393.0,2
3274,1197.0,3
3280,7503.0,2
3282,1092.0,1
3283,1981.0,2
3284,442.0,1
3285,778.0,1
3286,956.0,3
3292,2022.0,1
3293,1585.0,3
3294,3756.0,2
3295,855.0,1
3296,1718.0,3
3297,1341.0,1
3298,926.0,0
3302,4071.0,1
3303,6262.0,1
3305,502.0,2
3306,347.0,3
3307,195.0,3
3308,977.0,0
3309,824.0,3
3312,2197.0,3
3313,471.0,3
3314,559.0,0
3315,3314.0,0
3317,607.0,0
3322,7025.0,0
3323,1096.0,3
3324,2741.0,3
3325,924.0,1
3326,1501.0,3
3360,6266.0,1
3362,1767.0,0
3363,1025.0,0
3365,1115.0,0
3366,679.0,3
3367,1447.0,2
3368,754.0,1
3372,214.0,2
3373,964.0,0
3374,408.0,3
3375,696.0,0
3376,381.0,1
3377,615.0,0
3380,2674.0,3
3400,16094.0,3
3412,969.0,3
3413,497.0,3
3414,3875.0,0
3415,4449.0,2
3416,608.0,3
3417,488.0,2
3418,688.0,2
3419,474.0,0
3421,1699.0,1
3422,7921.0,2
3423,1681.0,2
3424,329.0,2
3425,2410.0,1
3426,1140.0,3
3427,4509.0,3
3428,1004.0,2
3429,471.0,1
3432,3412.0,0
3433,502.0,1
3434,638.0,1
3435,275.0,2
3436,2748.0,1
3437,547.0,0
3438,548.0,3
3439,543.0,1
3452,799.0,0
3453,855.0,1
3454,2604.0,2
3455,587.0,2
3456,122.0,2
3457,1770.0,1
3462,513.0,2
3463,346.0,0
3464,328.0,0
3465,879.0,3
3472,1724.0,0
3473,606.0,0
3474,388.0,2
3475,364.0,3
3476,385.0,3
3503,413.0,0
3504,1007.0,1
3506,3594.0,1
3507,2004.0,0
3508,851.0,0
3510,5792.0,2
3512,1216.0,3
3513,589.0,0
3531,622.0,0
3532,2198.0,0
3533,1208.0,3
3534,1788.0,0
3535,961.0,2
3536,544.0,3
3537,1851.0,0
3538,876.0,1
3543,519.0,1
3550,7312.0,2
3551,334.0,0
3552,1264.0,3
3553,484.0,0
3555,1707.0,3
3556,813.0,1
3557,304.0,3
3600,17606.0,0
3603,2956.0,0
3604,15478.0,0
3608,2356.0,1
3612,11092.0,2
3613,5367.0,3
3614,836.0,3
3615,1493.0,0
3616,693.0,1
3617,864.0,3
3618,581.0,3
3619,524.0,0
3622,501.0,2
3623,386.0,2
3624,1456.0,0
3625,765.0,3
3626,2900.0,1
3627,6334.0,0
3628,2173.0,3
3629,1947.0,3
3631,448.0,0
3632,578.0,0
3633,801.0,1
3634,2514.0,0
3635,726.0,3
3636,762.0,2
3638,1497.0,0
3645,4354.0,2
3646,1209.0,2
3647,1033.0,3
3652,1795.0,0
3653,2382.0,2
3654,973.0,1
3655,1486.0,1
3656,919.0,1
3657,609.0,1
3658,919.0,0
3661,5858.0,1
3662,2161.0,3
3663,883.0,2
3664,1113.0,0
3665,3165.0,3
3671,1105.0,3
3672,3211.0,3
3673,1287.0,3
3674,375.0,3
3700,9160.0,1
3702,673.0,2
3703,2058.0,1
3704,1168.0,0
3705,1226.0,3
3706,1193.0,2
3707,413.0,3
3711,316.0,1
3713,2446.0,2
3714,6674.0,1
3715,3384.0,2
3716,684.0,3
3717,142.0,0
3718,1298.0,2
3722,564.0,3
3723,276.0,0
3724,232.0,2
3725,428.0,3
3752,2644.0,3
3753,825.0,0
3754,493.0,2
3755,506.0,0
3756,219.0,3
3757,237.0,2
3758,573.0,0
3762,1162.0,0
3763,471.0,2
3764,441.0,1
3765,764.0,1
3766,1267.0,0
3770,2523.0,2
3771,362.0,3
3772,823.0,1
3773,500.0,0
3775,2272.0,0
3776,200.0,3
3777,335.0,2
3778,1029.0,3
3780,2958.0,3
3781,232.0,3
3782,851.0,2
3783,456.0,2
3784,484.0,3
3785,519.0,1
3792,1892.0,1
3800,15923.0,2
3803,1101.0,2
3804,622.0,3
3805,831.0,1
3806,2568.0,0
3807,413.0,1
3812,2697.0,0
3813,88.0,2
3814,426.0,1
3815,351.0,2
3816,373.0,3
3818,3596.0,2
3822,838.0,0
3823,811.0,3
3824,198.0,2
3825,339.0,2
3826,93.0,3
3852,1718.0,2
3853,370.0,1
3854,436.0,0
3855,3912.0,1
3856,487.0,0
3857,269.0,2
3858,543.0,0
3860,4956.0,0
3862,848.0,1
3863,221.0,0
3864,246.0,1
3900,5149.0,1
3901,1.0,3
3902,8527.0,1
3903,851.0,3
3904,9372.0,1
3905,360.0,2
3906,1558.0,1
3907,363.0,2
3908,367.0,1
3910,1009.0,0
3911,2162.0,1
3912,1114.0,3
3913,15.0,0
3914,261.0,3
3916,243.0,2
3917,332.0,3
3918,554.0,1
3919,298.0,0
3920,5746.0,3
3922,1368.0,2
3923,497.0,1
3924,1891.0,1
3925,1271.0,1
3926,219.0,3
3927,351.0,1
3928,440.0,0
3929,1333.0,3
3930,8373.0,3
3931,706.0,1
3932,1234.0,3
3933,566.0,1
3934,312.0,0
3935,750.0,0
3937,1355.0,1
3938,630.0,3
3939,317.0,2
3940,1532.0,2
3942,2692.0,2
3943,445.0,1
3944,485.0,1
3945,2026.0,2
3946,1035.0,0
3947,179.0,2
3948,251.0,1
3949,185.0,3
3951,709.0,3
3952,2730.0,2
3953,1937.0,2
3954,1295.0,3
3955,253.0,2
3956,437.0,0
3957,365.0,1
3960,15177.0,0
3961,2538.0,0
3963,7312.0,2
3965,1579.0,0
3966,3122.0,3
3967,680.0,0
3968,1842.0,3
3970,1659.0,0
3971,1831.0,1
3972,1503.0,1
3973,1378.0,0
3974,908.0,2
3975,1455.0,3
3976,963.0,3
3977,1996.0,3
3978,904.0,3
3979,2545.0,1
3982,1131.0,2
3983,808.0,0
3984,1278.0,2
3985,414.0,1
3986,188.0,1
3987,192.0,1
3988,436.0,1
3989,316.0,3
3991,114.0,0
3992,334.0,3
3993,419.0,2
3994,346.0,1
3995,528.0,1
3996,128.0,3
3997,338.0,0
3998,412.0,2
3999,204.0,0
4000,108.0,2
4001,310.0,1
4051,9471.0,2
4052,21710.0,2
4053,21179.0,0
4054,18833.0,1
4055,21996.0,0
4056,20841.0,1
4057,26744.0,3
4058,25782.0,2
4059,6591.0,1
4101,54.0,2
4102,15637.0,2
4103,6860.0,2
4104,11273.0,2
4105,3555.0,2
4106,9903.0,3
4107,5587.0,1
4108,1446.0,3
4112,2403.0,3
4114,2112.0,3
4115,207.0,0
4116,746.0,1
4117,271.0,0
4118,1382.0,3
4123,21654.0,2
4124,1481.0,3
4125,21946.0,3
4126,1288.0,3
4127,10589.0,2
4132,17569.0,2
4133,16484.0,1
4142,12098.0,0
4143,6795.0,2
4144,9270.0,1
4145,923.0,3
4146,1273.0,0
4147,10620.0,0
4148,2382.0,3
4153,19703.0,1
4202,1598.0,1
4203,1926.0,0
4204,964.0,3
4206,1060.0,0
4207,749.0,3
4208,1966.0,0
4222,2685.0,0
4223,702.0,3
4224,464.0,0
4225,1687.0,1
4226,4139.0,2
4227,2361.0,2
4228,938.0,0
4229,273.0,1
4232,616.0,2
4233,657.0,2
4234,658.0,2
4242,5913.0,3
4243,730.0,1
4244,1878.0,1
4245,1189.0,1
4246,1544.0,3
4247,503.0,0
4252,780.0,2
4253,378.0,1
4254,716.0,3
4302,1057.0,2
4303,5500.0,3
4304,1118.0,3
4305,403.0,1
4310,13593.0,1
4312,3889.0,0
4313,11256.0,1
4314,2484.0,3
4315,902.0,0
4316,811.0,1
4317,1007.0,3
4322,1541.0,0
4323,2061.0,3
4324,1076.0,1
4325,859.0,0
4332,3405.0,3
4333,1034.0,2
4334,1684.0,0
4402,6493.0,0
4410,15422.0,1
4411,1299.0,3
4412,1153.0,2
4413,1066.0,2
4414,4646.0,3
4415,5772.0,0
4416,4437.0,0
4417,1632.0,0
4418,1565.0,3
4419,1504.0,3
4421,391.0,2
4422,1671.0,2
4423,362.0,3
4424,593.0,0
4425,413.0,3
4426,312.0,3
4431,655.0,3
4432,546.0,2
4433,744.0,0
4434,2609.0,0
4435,1805.0,1
4436,2573.0,3
4437,1082.0,0
4438,986.0,2
4441,1425.0,3
4442,785.0,1
4443,422.0,1
4444,463.0,1
4445,233.0,1
4446,713.0,3
4447,538.0,3
4448,1395.0,2
4450,6828.0,2
4451,616.0,1
4452,2315.0,1
4453,276.0,0
4455,2719.0,3
4456,909.0,3
4457,1617.0,2
4458,563.0,1
4460,6202.0,2
4461,798.0,0
4462,600.0,2
4463,1097.0,2
4464,937.0,1
4465,270.0,3
4466,2330.0,1
4467,780.0,0
4468,529.0,0
4469,531.0,0
4492,818.0,0
4493,692.0,1
4494,524.0,2
4495,502.0,0
4496,171.0,2
4497,777.0,3
4500,17400.0,0
4512,5383.0,2
4513,3837.0,1
4514,1586.0,0
4515,1833.0,3
4522,1300.0,0
4523,369.0,2
4524,1209.0,0
4525,195.0,3
4528,9380.0,0
4532,1057.0,1
4533,1919.0,1
4534,1026.0,2
4535,737.0,0
4536,1559.0,2
4537,2478.0,2
4538,1826.0,3
4539,740.0,1
4542,3567.0,2
4543,2309.0,3
4552,6850.0,1
4553,3211.0,0
4554,1212.0,0
4556,1889.0,0
4557,866.0,0
4558,730.0,2
4562,8591.0,3
4563,5704.0,1
4564,1569.0,1
4565,2146.0,0
4566,3114.0,1
4571,895.0,3
4573,2965.0,1
4574,1122.0,0
4576,182.0,3
4577,247.0,3
4578,244.0,0
4579,186.0,3
4581,257.0,2
4582,182.0,0
4583,547.0,3
4584,348.0,3
4585,356.0,2
4586,388.0,1
4587,239.0,2
4588,436.0,2
4600,18332.0,2
4612,5455.0,2
4613,1135.0,3
4614,5204.0,2
4615,41.0,0
4616,3412.0,1
4617,1714.0,0
4618,821.0,2
4622,4211.0,0
4623,2372.0,0
4624,1752.0,3
4625,2345.0,2
4626,1274.0,2
4628,2385.0,0
4629,1798.0,3
4632,6633.0,0
4633,313.0,2
4634,452.0,3
4652,2017.0,0
4653,2436.0,1
4654,4067.0,0
4655,1263.0,2
4656,1865.0,1
4657,5203.0,0
4658,2953.0,1
4663,8747.0,0
4665,15026.0,3
4702,6607.0,2
4703,1873.0,2
4704,5185.0,3
4710,6373.0,1
4712,1846.0,1
4713,1335.0,1
4714,554.0,3
4715,584.0,3
4716,1167.0,1
4717,2133.0,2
4718,730.0,3
4719,297.0,1
4800,11487.0,0
4802,5031.0,2
4803,1981.0,0
4805,4113.0,3
4806,1419.0,0
4812,959.0,1
4813,1382.0,3
4814,879.0,1
4852,9494.0,3
4853,2302.0,2
4856,749.0,2
4900,15271.0,2
4911,533.0,0
4912,4772.0,2
4913,689.0,1
4914,4254.0,2
4915,794.0,3
4916,147.0,1
4917,1652.0,3
4919,175.0,3
4922,3487.0,0
4923,1676.0,0
4924,420.0,3
4932,2843.0,0
4933,571.0,1
4934,2304.0,3
4935,337.0,2
4936,558.0,2
4937,787.0,0
4938,2000.0,3
4942,360.0,1
4943,257.0,1
4944,422.0,0
4950,4773.0,3
4952,1378.0,0
4953,321.0,2
4954,1060.0,0
4955,738.0,2
5000,15484.0,1
5004,2078.0,3
5012,5425.0,1
5013,4099.0,3
5014,2752.0,0
5015,3632.0,3
5017,10.0,3
5018,4465.0,3
5022,2684.0,1
5023,1624.0,2
5024,3863.0,2
5025,280.0,3
5026,465.0,3
5027,1588.0,0
5028,975.0,2
5032,4245.0,3
5033,8319.0,1
5034,10968.0,0
5035,4391.0,2
5036,8760.0,2
5037,4049.0,2
5040,4520.0,0
5042,1685.0,1
5043,1681.0,3
5044,840.0,2
5046,1187.0,1
5053,1342.0,3
5054,1847.0,1
5056,294.0,2
5057,1289.0,1
5058,167.0,1
5062,576.0,2
5063,1033.0,3
5064,1385.0,0
5070,5718.0,0
5072,1150.0,1
5073,3796.0,0
5074,2409.0,0
5075,1091.0,2
5076,805.0,2
5077,325.0,1
5078,624.0,2
5079,1220.0,2
5080,2472.0,1
5082,2551.0,1
5083,266.0,0
5084,206.0,0
5085,1017.0,3
5102,5898.0,3
5103,4716.0,3
5105,1669.0,0
5106,1517.0,3
5107,1899.0,0
5108,524.0,1
5112,912.0,0
5113,1487.0,0
5116,1342.0,0
5200,10239.0,2
5210,8053.0,1
5212,3779.0,3
5213,1645.0,2
5222,1372.0,1
5223,1527.0,1
5225,1651.0,0
5233,539.0,0
5234,1640.0,1
5235,846.0,0
5236,1360.0,2
5237,402.0,2
5242,7184.0,0
5243,1110.0,2
5244,757.0,2
5245,427.0,2
5246,712.0,2
5272,1079.0,3
5273,277.0,2
5274,351.0,0
5275,435.0,1
5276,743.0,1
5277,295.0,1
5300,3521.0,0
5301,443.0,2
5303,5005.0,1
5304,2272.0,3
5305,338.0,3
5306,1282.0,0
5312,4375.0,0
5313,3601.0,0
5314,3807.0,3
5315,336.0,1
5316,2064.0,2
5317,281.0,1
5318,343.0,0
5322,1675.0,1
5323,758.0,0
5324,958.0,1
5325,1507.0,0
5326,703.0,2
5330,4619.0,2
5332,979.0,0
5333,273.0,2
5334,166.0,3
5400,13986.0,0
5405,3211.0,1
5406,2740.0,2
5408,3586.0,2
5412,5665.0,0
5413,2939.0,1
5415,7260.0,1
5416,1536.0,0
5417,6518.0,3
5420,4827.0,2
5423,1102.0,0
5425,1526.0,3
5426,2866.0,2
5430,21100.0,0
5432,8972.0,0
5436,6702.0,1
5442,5984.0,0
5443,4498.0,1
5444,1888.0,1
5445,1038.0,0
5452,4165.0,0
5453,2070.0,2
5454,1569.0,2
5462,719.0,0
5463,347.0,2
5464,349.0,1
5465,231.0,1
5466,420.0,3
5467,582.0,1
5502,4308.0,1
5503,3037.0,1
5504,3091.0,0
5505,877.0,0
5506,2200.0,1
5507,6019.0,0
5512,1814.0,3
5522,1533.0,0
5524,3005.0,3
5525,1714.0,3
5600,11831.0,1
5603,4174.0,1
5604,1342.0,1
5605,5091.0,0
5606,2379.0,3
5607,2448.0,2
5608,2420.0,0
5610,15623.0,3
5611,1517.0,2
5612,6563.0,0
5613,290.0,0
5614,3054.0,3
5615,2460.0,3
5616,2810.0,1
5617,452.0,1
5618,675.0,0
5619,1614.0,0
5620,7477.0,1
5621,4713.0,0
5622,3088.0,1
5623,2987.0,1
5624,1197.0,1
5625,408.0,1
5626,1228.0,1
5627,628.0,1
5628,1588.0,1
5630,8393.0,0
5632,1323.0,2
5634,3099.0,3
5636,658.0,0
5637,1477.0,2
5642,1263.0,3
5643,3884.0,3
5644,2271.0,0
5645,455.0,0
5646,1054.0,3
5647,1594.0,0
5702,4755.0,1
5703,5433.0,2
5704,1544.0,0
5705,1003.0,3
5706,1666.0,2
5707,4333.0,0
5708,1361.0,1
5712,3477.0,2
5722,8426.0,0
5723,1755.0,1
5724,1347.0,2
5725,741.0,3
5726,3509.0,1
5727,2863.0,3
5728,2096.0,0
5732,1382.0,2
5733,502.0,1
5734,9216.0,1
5735,804.0,3
5736,1095.0,3
5737,6779.0,1
5742,4750.0,3
5745,4412.0,1
5746,791.0,1
6000,358.0,3
6003,17024.0,0
6004,9403.0,3
6005,23389.0,3
6006,17787.0,1
6010,25129.0,1
6012,3225.0,2
6013,239.0,1
6014,10095.0,1
6015,8096.0,2
6016,1351.0,3
6017,6023.0,1
6018,3426.0,3
6019,467.0,2
6020,23311.0,0
6022,3227.0,3
6023,7856.0,2
6024,2445.0,3
6025,1491.0,1
6026,3015.0,0
6027,1040.0,1
6028,228.0,1
6030,14409.0,2
6032,8304.0,2
6033,5814.0,1
6034,3005.0,2
6035,827.0,0
6036,1609.0,0
6037,5373.0,0
6038,2038.0,3
6039,74.0,3
6042,1419.0,2
6043,5504.0,3
6044,2479.0,1
6045,7705.0,1
6047,1340.0,0
6048,12042.0,2
6052,6013.0,1
6053,744.0,1
6055,5475.0,1
6056,1271.0,3
6060,6515.0,2
6062,1541.0,3
6063,1327.0,0
6064,5726.0,3
6066,354.0,0
6067,345.0,0
6068,34.0,1
6072,4382.0,1
6073,607.0,3
6074,3996.0,1
6078,2086.0,1
6083,367.0,3
6084,119.0,1
6085,295.0,3
6086,320.0,1
6102,7350.0,3
6103,1574.0,0
6105,1384.0,1
6106,767.0,0
6110,4913.0,2
6112,802.0,3
6113,521.0,2
6114,284.0,2
6122,2142.0,2
6123,502.0,3
6125,473.0,1
6126,208.0,0
6130,7543.0,3
6132,152.0,0
6133,1803.0,0
6142,1193.0,0
6143,352.0,3
6144,1885.0,3
6145,699.0,0
6146,776.0,3
6147,1118.0,1
6152,232.0,0
6153,947.0,2
6154,438.0,3
6156,828.0,1
6162,2770.0,3
6163,491.0,3
6166,1731.0,3
6167,55.0,3
6170,4302.0,1
6173,1024.0,0
6174,747.0,0
6182,2643.0,2
6192,523.0,2
6196,1210.0,3
6197,995.0,2
6203,1390.0,2
6204,4179.0,0
6205,1617.0,2
6206,4844.0,3
6207,4118.0,3
6208,4054.0,1
6210,12068.0,3
6211,396.0,1
6212,2001.0,1
6213,763.0,1
6214,3056.0,2
6215,3434.0,0
6216,592.0,2
6217,548.0,0
6218,2305.0,0
6221,2870.0,0
6222,1664.0,3
6231,986.0,2
6232,2878.0,2
6233,2714.0,1
6234,3691.0,2
6235,825.0,3
6236,256.0,3
6242,2596.0,3
6243,1618.0,1
6244,2777.0,2
6245,369.0,0
6246,1662.0,3
6247,4443.0,0
6248,690.0,0
6252,4663.0,0
6253,723.0,2
6260,5561.0,0
6262,1113.0,2
6263,793.0,3
6264,1871.0,1
6265,821.0,0
6274,3744.0,1
6275,2943.0,3
6276,1162.0,0
6277,844.0,1
6280,9552.0,2
6283,892.0,2
6284,1298.0,0
6285,2798.0,1
6286,457.0,3
6287,1359.0,0
6288,1060.0,1
6289,1138.0,0
6294,1012.0,1
6295,283.0,2
6300,28900.0,3
6312,10309.0,0
6313,4553.0,2
6314,9334.0,2
6315,6329.0,1
6317,2597.0,2
6318,3986.0,2
6319,1574.0,1
6330,15281.0,1
6331,5089.0,0
6332,2359.0,3
6333,3866.0,3
6340,23356.0,2
6343,11253.0,0
6344,1596.0,2
6345,2316.0,1
6353,4453.0,1
6354,1457.0,1
6356,157.0,3
6362,3866.0,1
6363,960.0,2
6365,253.0,2
6370,10165.0,2
6372,2316.0,0
6373,4937.0,2
6374,5531.0,1
6375,3697.0,3
6376,1641.0,2
6377,749.0,3
6382,1009.0,0
6383,1891.0,0
6386,1644.0,1
6387,205.0,3
6388,294.0,0
6390,4251.0,0
6402,1231.0,3
6403,9583.0,1
6404,1194.0,0
6405,3029.0,1
6410,6401.0,2
6414,2158.0,1
6415,3762.0,2
6416,956.0,3
6417,2028.0,0
6418,2577.0,1
6422,3696.0,1
6423,3177.0,1
6424,1124.0,1
6430,6464.0,0
6432,1374.0,2
6433,208.0,3
6434,815.0,0
6436,3485.0,3
6438,4673.0,2
6440,9189.0,2
6441,1.0,1
6442,2355.0,2
6443,981.0,3
6452,506.0,3
6454,2014.0,3
6460,10795.0,1
6461,467.0,1
6462,1881.0,3
6463,2890.0,3
6464,824.0,0
6465,715.0,3
6466,170.0,1
6467,5244.0,1
6468,1765.0,0
6469,281.0,2
6472,3867.0,0
6473,1223.0,1
6474,382.0,3
6475,453.0,2
6476,133.0,0
6482,345.0,1
6484,351.0,0
6485,65.0,3
6487,445.0,3
6490,1538.0,2
6491,153.0,2
6493,179.0,3
6500,17362.0,1
6503,1567.0,3
6512,8920.0,2
6513,2944.0,3
6514,3419.0,2
6515,859.0,1
6516,3066.0,1
6517,3300.0,0
6518,808.0,2
6523,666.0,0
6524,128.0,3
6525,782.0,2
6526,276.0,1
6527,1412.0,2
6528,2767.0,0
6532,1861.0,1
6533,1534.0,1
6534,875.0,0
6535,2625.0,0
6537,1186.0,0
6538,166.0,1
6540,235.0,0
6541,121.0,3
6542,83.0,3
6543,78.0,3
6544,65.0,3
6545,45.0,0
6546,29.0,2
6548,158.0,2
6556,172.0,0
6557,680.0,2
6558,856.0,2
6562,332.0,0
6563,1075.0,2
6565,290.0,1
6571,33.0,0
6572,1220.0,3
6573,544.0,0
6574,634.0,1
6575,657.0,0
6576,231.0,2
6577,89.0,3
6578,99.0,3
6579,452.0,2
6582,612.0,1
6583,195.0,0
6584,69.0,0
6592,2636.0,1
6593,2915.0,1
6594,1134.0,1
6595,1252.0,1
6596,4855.0,2
6597,536.0,1
6598,2939.0,0
6599,163.0,0
6600,17207.0,3
6605,711.0,3
6611,125.0,2
6612,5461.0,0
6613,120.0,1
6614,1613.0,1
6616,6273.0,0
6618,440.0,3
6622,418.0,3
6631,7.0,1
6632,286.0,3
6633,98.0,0
6634,162.0,1
6635,75.0,2
6636,90.0,1
6637,86.0,0
6644,683.0,1
6645,712.0,1
6646,427.0,1
6647,198.0,1
6648,7035.0,1
6652,860.0,1
6653,1123.0,2
6654,758.0,1
6655,554.0,0
6656,334.0,3
6657,78.0,1
6658,44.0,1
6659,93.0,3
6661,330.0,1
6662,68.0,0
6663,92.0,2
6664,59.0,1
6670,588.0,1
6672,971.0,1
6673,875.0,2
6674,239.0,3
6675,456.0,3
6676,263.0,0
6677,934.0,3
6678,568.0,2
6682,42.0,2
6683,56.0,3
6684,29.0,0
6685,53.0,1
6690,391.0,2
6692,140.0,1
6693,79.0,1
6694,101.0,1
6695,122.0,0
6696,47.0,2
6702,3120.0,0
6703,1207.0,3
6705,743.0,3
6707,550.0,2
6710,6110.0,1
6713,1341.0,3
6714,395.0,3
6715,277.0,2
6716,348.0,0
6717,457.0,0
6718,852.0,2
6719,287.0,2
6720,149.0,2
6721,481.0,1
6722,502.0,1
6723,286.0,3
6724,254.0,0
6742,844.0,2
6743,890.0,1
6744,308.0,3
6745,790.0,3
6746,348.0,1
6747,230.0,3
6748,72.0,3
6749,147.0,0
6760,1441.0,1
6763,355.0,0
6764,189.0,3
6772,247.0,0
6773,134.0,2
6774,177.0,2
6775,268.0,2
6776,355.0,1
6777,328.0,2
6780,1432.0,0
6781,94.0,0
6802,2178.0,1
6803,886.0,3
6804,627.0,2
6805,1382.0,2
6806,640.0,0
6807,2082.0,1
6808,999.0,1
6809,357.0,3
6810,388.0,0
6814,3237.0,3
6815,1796.0,2
6816,945.0,3
6817,723.0,1
6818,1474.0,0
6821,795.0,2
6822,916.0,3
6823,62.0,2
6825,830.0,3
6826,2663.0,2
6827,458.0,3
6828,3293.0,1
6830,6569.0,1
6832,851.0,2
6833,3346.0,3
6834,4371.0,1
6835,697.0,3
6837,487.0,3
6838,394.0,0
6839,336.0,0
6850,6567.0,2
6852,1068.0,1
6853,1788.0,2
6854,1708.0,2
6855,2752.0,0
6862,1581.0,2
6863,583.0,1
6864,1259.0,0
6865,462.0,0
6866,296.0,2
6872,494.0,3
6873,399.0,2
6874,1581.0,2
6875,222.0,2
6877,2853.0,1
6883,2346.0,3
6900,36287.0,3
6912,1515.0,1
6913,585.0,2
6914,837.0,2
6915,769.0,2
6916,473.0,2
6917,522.0,0
6918,1580.0,3
6919,113.0,0
6921,415.0,1
6922,714.0,0
6924,2070.0,0
6925,1519.0,0
6926,2544.0,0
6927,640.0,1
6928,1328.0,0
6929,1367.0,0
6930,1495.0,2
6932,5143.0,3
6933,814.0,1
6934,1753.0,1
6935,487.0,0
6936,771.0,2
6937,315.0,2
6938,320.0,1
6939,750.0,2
6942,2228.0,2
6943,1917.0,3
6944,1489.0,3
6945,1513.0,2
6946,1921.0,1
6947,617.0,3
6948,1574.0,2
6949,2153.0,3
6950,1655.0,2
6951,538.0,2
6952,2330.0,3
6953,1104.0,1
6954,949.0,1
6955,758.0,3
6956,330.0,2
6957,176.0,1
6958,576.0,3
6959,473.0,1
6960,573.0,1
6962,6564.0,3
6963,9210.0,3
6964,1545.0,2
6965,2522.0,3
6966,567.0,0
6967,937.0,2
6968,1073.0,0
6974,452.0,0
6976,1060.0,3
6977,895.0,1
6978,218.0,2
6979,349.0,2
6980,388.0,3
6981,665.0,2
6982,4060.0,3
6983,1674.0,1
6984,1364.0,0
6986,1700.0,0
6987,4329.0,0
6988,735.0,3
6989,355.0,2
6990,403.0,1
6991,300.0,2
6992,1052.0,3
6993,90.0,0
6994,361.0,0
6995,104.0,3
6997,646.0,2
6998,847.0,1
6999,299.0,0
7000,36562.0,2
7012,2781.0,3
7013,8199.0,1
7014,888.0,0
7015,1209.0,1
7016,594.0,2
7017,1673.0,3
7018,1093.0,2
7019,151.0,3
7023,1112.0,1
7026,524.0,1
7027,237.0,0
7028,232.0,0
7029,180.0,2
7031,1795.0,1
7032,206.0,1
7050,2011.0,1
7056,116.0,1
7057,228.0,3
7058,57.0,2
7062,184.0,1
7063,104.0,0
7064,199.0,3
7074,733.0,0
7075,915.0,3
7076,220.0,0
7077,620.0,2
7078,1502.0,1
7082,613.0,2
7083,531.0,2
7084,138.0,0
7104,271.0,3
7106,101.0,1
7107,140.0,3
7109,107.0,1
7110,15.0,0
7111,82.0,2
7112,71.0,1
7113,35.0,3
7114,55.0,0
7115,69.0,2
7116,77.0,2
7122,326.0,0
7126,431.0,2
7127,222.0,1
7128,56.0,1
7130,2940.0,2
7132,923.0,0
7134,781.0,0
7137,219.0,1
7138,138.0,2
7141,161.0,2
7142,217.0,1
7143,224.0,2
7144,518.0,2
7145,123.0,0
7146,85.0,1
7147,152.0,2
7148,316.0,3
7149,175.0,3
7151,597.0,1
7152,755.0,3
7153,637.0,0
7154,334.0,1
7155,103.0,3
7156,420.0,0
7157,149.0,1
7158,298.0,3
7159,204.0,2
7162,107.0,3
7163,295.0,2
7164,139.0,2
7165,676.0,3
7166,974.0,3
7167,96.0,2
7168,76.0,0
7172,418.0,2
7173,207.0,1
7174,21.0,0
7175,284.0,0
7176,152.0,0
7180,1714.0,1
7182,15.0,2
7183,45.0,3
7184,258.0,1
7185,74.0,1
7186,241.0,0
7187,193.0,2
7188,743.0,2
7189,244.0,3
7202,183.0,2
7203,3208.0,3
7204,2602.0,0
7205,3545.0,1
7206,3687.0,3
7208,2506.0,3
7212,1425.0,3
7213,118.0,3
7214,1594.0,1
7215,442.0,0
7220,2388.0,1
7222,204.0,1
7223,194.0,1
7224,102.0,0
7226,195.0,1
7228,167.0,0
7231,445.0,2
7232,205.0,3
7233,703.0,0
7235,613.0,0
7240,1003.0,3
7241,241.0,1
7242,186.0,2
7243,594.0,1
7244,28.0,1
7245,106.0,0
7246,215.0,2
7247,750.0,2
7249,457.0,2
7250,2592.0,0
7252,622.0,3
7260,2670.0,0
7265,635.0,2
7270,5933.0,2
7272,234.0,1
7276,333.0,1
7277,401.0,3
7278,166.0,2
7302,4876.0,1
7303,599.0,3
7304,3134.0,3
7306,850.0,3
7307,938.0,3
7310,6654.0,2
7312,618.0,0
7313,99.0,2
7314,52.0,1
7315,383.0,1
7317,423.0,2
7320,6426.0,2
7323,2877.0,3
7324,2138.0,0
7325,97.0,2
7326,116.0,1
7402,3500.0,2
7403,1612.0,3
7404,128.0,2
7405,301.0,3
7407,54.0,0
7408,1356.0,1
7411,979.0,0
7412,822.0,1
7413,182.0,1
7414,169.0,3
7415,601.0,1
7416,218.0,0
7417,566.0,3
7418,500.0,2
7419,135.0,1
7421,466.0,3
7422,171.0,0
7423,202.0,0
7424,163.0,3
7425,503.0,2
7426,251.0,0
7427,166.0,0
7428,142.0,3
7430,3428.0,0
7431,46.0,1
7432,404.0,2
7433,383.0,2
7434,145.0,2
7435,319.0,2
7436,51.0,2
7437,134.0,0
7438,60.0,0
7440,759.0,0
7442,36.0,3
7443,126.0,1
7444,47.0,3
7445,26.0,2
7447,140.0,0
7448,28.0,1
7450,258.0,2
7451,108.0,2
7452,258.0,3
7453,209.0,1
7454,61.0,1
7455,16.0,3
7456,99.0,3
7457,183.0,1
7458,66.0,1
7459,127.0,1
7460,1091.0,3
7462,185.0,0
7463,145.0,2
7464,130.0,2
7472,238.0,3
7473,64.0,1
7477,415.0,0
7482,394.0,2
7484,64.0,0
7492,342.0,1
7493,212.0,1
7494,375.0,1
7500,4722.0,1
7502,605.0,0
7503,2905.0,2
7504,2100.0,1
7505,1412.0,1
7512,435.0,3
7513,862.0,0
7514,606.0,2
7515,83.0,0
7516,356.0,0
7517,8.0,2
7522,698.0,2
7523,208.0,2
7524,1228.0,2
7525,498.0,1
7526,207.0,3
7527,105.0,1
7530,1031.0,2
7532,148.0,0
7533,111.0,3
7534,47.0,0
7535,166.0,2
7536,316.0,1
7537,637.0,1
7542,192.0,0
7543,202.0,1
7545,186.0,0
7546,389.0,0
7550,2469.0,0
7551,470.0,0
7552,127.0,0
7553,198.0,0
7554,762.0,0
7556,360.0,1
7557,61.0,3
7558,181.0,0
7559,145.0,3
7560,79.0,2
7562,435.0,3
7563,356.0,1
7602,94.0,1
7603,329.0,0
7604,84.0,1
7605,182.0,3
7606,206.0,2
7608,174.0,1
7610,151.0,1
7710,3.0,3
7741,615.0,3
7742,1488.0,2
7743,680.0,3
7744,158.0,1
7745,957.0,2
7746,382.0,3
7747,60.0,0
7748,241.0,0
8000,1601.0,2
8001,5552.0,0
8002,9935.0,2
8003,20249.0,3
8004,27168.0,2
8005,15587.0,3
8006,18456.0,0
8008,17159.0,2
8032,18085.0,0
8037,16181.0,3
8038,17584.0,0
8041,8856.0,2
8044,11405.0,1
8045,11138.0,3
8046,25612.0,0
8047,21204.0,3
8048,31071.0,3
8049,23887.0,0
8050,30358.0,1
8051,22550.0,3
8052,20008.0,0
8053,11231.0,0
8055,19645.0,2
8057,22040.0,0
8064,3589.0,3
8102,6810.0,3
8103,4116.0,2
8104,2682.0,2
8105,13902.0,2
8106,4837.0,3
8107,6630.0,0
8108,4271.0,3
8109,19.0,3
8112,2944.0,2
8113,1452.0,2
8114,1865.0,2
8115,959.0,3
8117,5173.0,2
8118,2203.0,3
8121,2085.0,3
8122,2208.0,0
8123,2806.0,2
8124,2267.0,1
8125,5294.0,3
8126,5633.0,0
8127,4265.0,0
8132,6838.0,0
8133,1953.0,3
8134,19207.0,3
8135,8111.0,1
8136,2607.0,1
8142,5106.0,1
8143,3874.0,3
8152,21219.0,1
8153,8161.0,0
8154,7520.0,3
8155,7301.0,3
8156,2211.0,1
8157,6151.0,0
8158,466.0,0
8162,3612.0,3
8164,640.0,3
8165,4101.0,1
8166,3082.0,2
8172,5171.0,0
8173,3302.0,3
8174,1592.0,3
8175,760.0,1
8180,23627.0,2
8181,3307.0,2
8182,1985.0,3
8184,4205.0,2
8185,4856.0,1
8187,2077.0,2
8192,5259.0,3
8193,5523.0,2
8194,1093.0,2
8195,588.0,1
8196,1565.0,1
8197,4674.0,1
8200,28592.0,2
8203,2952.0,0
8207,5504.0,0
8212,11050.0,2
8213,2498.0,2
8214,909.0,2
8215,2335.0,0
8216,429.0,3
8217,1391.0,0
8218,354.0,3
8219,633.0,2
8222,4897.0,0
8223,259.0,0
8224,1619.0,0
8225,901.0,3
8226,1749.0,1
8228,463.0,1
8231,648.0,3
8232,873.0,1
8233,322.0,3
8234,1467.0,3
8235,759.0,2
8236,553.0,1
8239,1052.0,0
8240,4775.0,1
8241,182.0,2
8242,416.0,3
8243,182.0,3
8245,2600.0,1
8246,1171.0,3
8247,1513.0,1
8248,1626.0,3
8252,1867.0,3
8253,4110.0,0
8254,1083.0,1
8255,759.0,3
8259,1787.0,1
8260,3571.0,3
8261,478.0,1
8262,1540.0,2
8263,310.0,1
8264,1913.0,2
8265,659.0,3
8266,3997.0,0
8267,928.0,3
8268,772.0,2
8269,668.0,1
8272,3308.0,3
8273,462.0,3
8274,5422.0,3
8280,22856.0,1
8302,20967.0,3
8303,12062.0,1
8304,17299.0,3
8305,7853.0,3
8306,5440.0,0
8307,12468.0,3
8308,4696.0,0
8309,5723.0,1
8310,1539.0,1
8311,2161.0,0
8312,979.0,0
8314,352.0,2
8315,838.0,0
8317,2407.0,2
8320,6747.0,3
8322,986.0,0
8330,11740.0,2
8331,639.0,2
8332,3530.0,0
8335,3756.0,0
8340,10633.0,3
8342,933.0,2
8344,3846.0,3
8345,1114.0,2
8352,3789.0,2
8353,4478.0,2
8354,533.0,1
8355,5526.0,2
8356,1427.0,2
8357,1491.0,3
8360,4936.0,1
8362,2021.0,2
8363,1012.0,1
8370,6413.0,3
8371,869.0,0
8372,703.0,1
8374,2174.0,2
8376,629.0,1
8400,41237.0,0
8404,21162.0,1
8405,18713.0,1
8406,13829.0,3
8408,16723.0,1
8409,3400.0,3
8412,988.0,3
8413,4773.0,2
8414,1038.0,3
8415,592.0,1
8416,1474.0,0
8418,743.0,0
8421,829.0,3
8422,4053.0,2
8424,10005.0,0
8425,1092.0,0
8426,2767.0,1
8427,4825.0,1
8428,477.0,3
8442,3118.0,2
8444,2257.0,3
8447,1967.0,2
8450,2230.0,2
8451,1439.0,2
8452,707.0,0
8453,305.0,2
8454,875.0,3
8455,814.0,2
8457,494.0,1
8458,712.0,1
8459,381.0,2
8460,1870.0,3
8461,388.0,3
8462,1285.0,1
8463,847.0,2
8464,80.0,0
8465,392.0,1
8466,677.0,1
8467,465.0,2
8468,643.0,3
8471,1092.0,1
8472,7692.0,1
8474,1730.0,1
8475,1707.0,2
8476,1012.0,2
8477,1169.0,1
8478,977.0,2
8479,729.0,2
8482,1750.0,0
8483,3090.0,2
8484,3408.0,2
8486,1937.0,1
8487,1560.0,0
8488,4716.0,1
8489,1022.0,2
8492,2156.0,2
8493,1619.0,3
8494,2996.0,2
8495,193.0,2
8496,932.0,0
8497,807.0,0
8498,1033.0,1
8499,374.0,0
8500,27315.0,1
8505,2198.0,2
8506,455.0,3
8507,692.0,2
8508,900.0,0
8512,1547.0,1
8514,1468.0,2
8522,559.0,3
8523,1150.0,2
8524,1120.0,2
8525,522.0,3
8526,625.0,0
8532,1410.0,3
8535,673.0,3
8536,1097.0,1
8537,676.0,0
8542,5082.0,3
8543,1158.0,3
8544,418.0,1
8545,2773.0,1
8546,2013.0,3
8547,1513.0,0
8548,1035.0,1
8552,3169.0,3
8553,852.0,0
8554,443.0,2
8555,3218.0,1
8556,1977.0,3
8558,441.0,2
8560,2358.0,0
8561,594.0,3
8564,1275.0,1
8565,425.0,3
8566,1244.0,1
8570,11914.0,3
8572,2988.0,0
8573,1060.0,2
8574,1759.0,3
8575,3680.0,1
8576,506.0,1
8577,882.0,0
8580,14914.0,0
8581,407.0,2
8582,715.0,2
8583,4047.0,1
8584,440.0,1
8585,2227.0,3
8586,4479.0,1
8587,979.0,3
8588,1408.0,0
8589,956.0,0
8590,11557.0,3
8592,1917.0,2
8593,1007.0,0
8594,1716.0,1
8595,2347.0,3
8596,2066.0,0
8597,1456.0,3
8598,2698.0,0
8599,1554.0,3
8600,28411.0,1
8602,2657.0,1
8603,5130.0,2
8604,17491.0,3
8605,1921.0,0
8606,8341.0,2
8607,1455.0,1
8608,3872.0,1
8610,30180.0,0
8614,1694.0,3
8615,1387.0,1
8616,792.0,0
8617,4091.0,1
8618,4947.0,0
8620,17340.0,2
8623,8670.0,2
8624,2367.0,1
8625,5344.0,2
8626,1302.0,2
8627,3847.0,0
8630,12703.0,2
8632,4030.0,0
8633,3628.0,0
8634,8485.0,1
8635,3735.0,2
8636,8412.0,3
8637,2038.0,2
8638,1088.0,0
8640,8768.0,1
8645,18357.0,0
8646,1220.0,1
8700,14039.0,3
8702,8179.0,3
8703,5686.0,3
8704,6741.0,0
8706,14754.0,2
8707,6325.0,2
8708,11437.0,2
8712,11691.0,2
8713,3191.0,0
8714,488.0,1
8715,136.0,3
8716,4081.0,2
8717,3018.0,2
8718,3131.0,1
8722,5063.0,0
8723,827.0,2
8725,1224.0,0
8726,431.0,1
8727,227.0,2
8730,6898.0,2
8732,992.0,3
8733,4920.0,3
8734,788.0,0
8735,1912.0,1
8737,1977.0,1
8738,1313.0,3
8739,754.0,0
8750,6799.0,0
8751,40.0,1
8752,4918.0,0
8753,4186.0,2
8754,3091.0,1
8755,2641.0,3
8756,1007.0,2
8757,563.0,0
8758,502.0,3
8762,3191.0,2
8765,607.0,0
8766,282.0,3
8767,606.0,1
8772,260.0,2
8773,597.0,2
8774,149.0,3
8775,816.0,3
8777,385.0,0
8782,354.0,3
8783,999.0,1
8784,259.0,0
8800,15785.0,0
8802,9297.0,0
8803,6224.0,0
8804,5974.0,3
8805,10957.0,3
8806,2294.0,2
8807,3100.0,0
8808,7431.0,1
8810,21045.0,2
8815,341.0,2
8816,2187.0,0
8820,16448.0,0
8824,1894.0,3
8825,877.0,3
8832,11049.0,1
8833,3037.0,0
8834,3783.0,1
8835,1708.0,1
8836,1142.0,0
8840,11430.0,0
8841,1414.0,3
8842,1999.0,2
8843,846.0,3
8844,721.0,3
8845,467.0,2
8846,1127.0,3
8847,550.0,2
8849,615.0,2
8852,7209.0,0
8853,9408.0,2
8854,11177.0,3
8855,3924.0,3
8856,3249.0,1
8857,983.0,1
8858,180.0,1
8862,2679.0,1
8863,2732.0,0
8864,4063.0,0
8865,2501.0,2
8866,457.0,1
8867,3845.0,1
8868,2004.0,2
8872,2263.0,1
8873,1489.0,0
8874,443.0,3
8877,718.0,0
8878,42.0,2
8880,4495.0,2
8881,570.0,2
8882,886.0,0
8883,389.0,2
8884,376.0,3
8885,546.0,1
8886,162.0,0
8887,6888.0,3
8888,1492.0,3
8889,575.0,2
8890,3735.0,1
8892,695.0,0
8893,388.0,0
8894,177.0,0
8895,224.0,0
8896,409.0,0
8897,222.0,3
8898,100.0,0
8902,10380.0,2
8903,7055.0,3
8904,1672.0,0
8905,2580.0,3
8906,5624.0,3
8907,5282.0,1
8908,3871.0,2
8909,1339.0,3
8910,11249.0,1
8911,1149.0,3
8912,5787.0,2
8913,2858.0,3
8914,1991.0,1
8915,2903.0,0
8916,2316.0,3
8917,2096.0,2
8918,1552.0,3
8919,913.0,0
8925,961.0,0
8926,1321.0,3
8932,5635.0,2
8933,644.0,2
8934,2416.0,2
8942,5289.0,2
8951,3160.0,0
8952,20302.0,1
8953,28167.0,0
8954,4306.0,3
8955,2560.0,2
8956,2072.0,1
8957,12317.0,3
8962,2934.0,2
8964,4622.0,1
8965,4876.0,2
8966,2586.0,2
8967,3883.0,1
9000,35685.0,2
9008,8411.0,2
9010,2700.0,2
9011,2983.0,0
9012,2063.0,3
9014,10571.0,3
9015,4522.0,1
9016,10209.0,3
9030,5572.0,3
9032,2966.0,1
9033,1007.0,1
9034,1849.0,1
9035,935.0,1
9036,504.0,2
9037,763.0,3
9038,1776.0,3
9042,3742.0,3
9043,1858.0,3
9044,913.0,1
9050,10736.0,1
9052,1860.0,0
9053,4091.0,2
9054,684.0,2
9055,1943.0,1
9056,3064.0,0
9057,1100.0,0
9058,487.0,3
9062,482.0,0
9063,1430.0,1
9064,679.0,2
9100,15417.0,0
9103,1429.0,0
9104,1847.0,0
9105,1239.0,0
9107,2541.0,2
9108,1374.0,1
9112,387.0,0
9113,3728.0,2
9114,243.0,2
9115,368.0,0
9116,478.0,2
9122,802.0,2
9123,320.0,0
9125,969.0,2
9126,390.0,1
9127,559.0,2
9200,16288.0,2
9203,1472.0,1
9204,2208.0,0
9205,2529.0,2
9212,1855.0,2
9213,1291.0,0
9214,1508.0,2
9215,1687.0,2
9216,666.0,1
9217,483.0,3
9220,5807.0,0
9223,572.0,0
9225,683.0,1
9230,10347.0,1
9231,179.0,0
9240,5332.0,3
9242,5089.0,1
9243,1828.0,1
9244,6264.0,2
9245,3120.0,1
9246,1492.0,1
9247,1635.0,3
9248,1020.0,2
9249,917.0,2
9300,9689.0,0
9304,931.0,2
9305,938.0,0
9306,1465.0,2
9308,531.0,3
9312,911.0,1
9313,1205.0,0
9314,675.0,1
9315,2115.0,1
9320,15619.0,2
9322,2146.0,0
9323,3581.0,0
9325,1746.0,3
9326,2908.0,1
9327,1597.0,3
9400,9798.0,0
9402,3608.0,3
9403,9541.0,1
9404,7588.0,2
9405,386.0,1
9410,4238.0,3
9411,701.0,1
9413,1677.0,3
9422,2921.0,2
9423,962.0,1
9424,3649.0,2
9425,3102.0,2
9426,931.0,3
9427,1846.0,3
9428,1995.0,1
9430,6075.0,2
9434,4869.0,0
9435,5077.0,2
9436,4610.0,3
9437,2143.0,1
9442,3810.0,2
9443,9569.0,3
9444,6602.0,3
9445,4904.0,3
9450,11200.0,2
9451,1912.0,3
9452,952.0,2
9453,1182.0,1
9462,2006.0,0
9463,5348.0,1
9464,2929.0,3
9465,858.0,3
9466,1997.0,0
9467,836.0,1
9468,878.0,1
9469,1537.0,3
9470,15070.0,3
9472,6155.0,3
9473,3610.0,1
9475,4952.0,3
9476,1346.0,2
9477,1443.0,1
9478,1763.0,2
9479,843.0,3
9500,19406.0,3
9502,855.0,3
9503,201.0,2
9504,322.0,3
9506,821.0,2
9507,1216.0,1
9508,433.0,1
9512,1264.0,2
9514,718.0,2
9515,475.0,3
9517,536.0,2
9523,1225.0,1
9524,3790.0,0
9525,772.0,0
9526,1047.0,2
9527,1339.0,0
9532,3004.0,1
9533,3376.0,1
9534,1022.0,1
9535,2510.0,0
9536,2084.0,2
9542,4724.0,3
9543,1052.0,1
9545,4282.0,2
9546,534.0,0
9547,478.0,1
9548,3088.0,3
9552,3842.0,2
9553,1275.0,3
9554,677.0,0
9555,979.0,2
9556,1251.0,2
9562,1397.0,3
9565,1447.0,0
9573,88.0,2
9601,469.0,1
9602,5196.0,1
9604,1484.0,3
9606,3052.0,3
9607,1767.0,2
9608,1220.0,0
9612,386.0,1
9613,427.0,1
9614,329.0,1
9615,640.0,2
9620,2656.0,1
9621,940.0,3
9622,275.0,3
9630,6693.0,2
9631,1225.0,0
9633,968.0,0
9642,4909.0,1
9643,574.0,3
9650,1733.0,0
9651,425.0,3
9652,740.0,3
9655,337.0,3
9656,665.0,3
9657,718.0,2
9658,1229.0,2
