City,Population,Density
Aadorf,9485.0,475.7
Aarau,22290.0,1806.3
Aarberg,4648.0,586.1
Aarburg,8891.0,2016.1
Aarwangen,4772.0,482.0
Abtwil,1063.0,256.8
Aclens,578.0,148.2
Acquarossa,1823.0,29.5
Adelboden,3410.0,38.9
Adligenswil,5621.0,804.1
Adliswil,19707.0,2536.3
Aedermannsdorf,599.0,46.4
Aefligen,1127.0,552.5
Aegerten,2391.0,1106.9
Aesch (BL),10745.0,1452.0
Aesch (LU),1405.0,304.8
Aesch (ZH),1698.0,324.0
Aeschi (SO),1329.0,242.5
Aeschi bei Spiez,2356.0,76.0
Aeugst am Albis,1998.0,252.6
Affeltrangen,2837.0,196.6
Affoltern am Albis,12859.0,1214.3
Affoltern im Emmental,1211.0,105.2
Agarn,729.0,95.3
Agiez,383.0,70.1
Agno,4536.0,1821.7
Aigle,11412.0,695.4
Aire-la-Ville,1160.0,395.9
Airolo,1464.0,15.5
Alberswil,728.0,206.2
Albinen,262.0,16.8
Albula/Alvra,1313.0,14.0
Alchenstorf,638.0,97.1
Allaman,431.0,165.8
Alle,1907.0,179.9
Allmendingen,555.0,145.7
Allschwil,22110.0,2487.1
Alpnach,6379.0,118.6
Alpthal,637.0,27.8
Altbüron,1032.0,152.9
Altdorf (UR),10198.0,998.8
Altendorf,7369.0,361.0
Altikon,756.0,98.2
Altishofen,2018.0,140.8
Altnau,2356.0,350.1
Alto Malcantone,1386.0,62.8
Altstätten,12456.0,315.7
Amden,1906.0,44.3
Amlikon-Bissegg,1382.0,95.6
Ammerswil,795.0,249.2
Amriswil,14643.0,769.9
Amsoldingen,833.0,176.9
Andeer,926.0,20.0
Andelfingen,3578.0,210.5
Andermatt,1588.0,25.5
Andwil (SG),2128.0,337.2
Anières,2521.0,654.8
Anniviers,2773.0,11.4
Anwil,537.0,135.9
Appenzell,6009.0,356.0
Aranno,350.0,135.1
Arbaz,1462.0,76.3
Arbedo-Castione,5108.0,238.8
Arboldswil,581.0,167.4
Arbon,15853.0,2637.8
Arch,1714.0,268.7
Ardon,3709.0,181.9
Arisdorf,1706.0,170.6
Aristau,1646.0,190.5
Arlesheim,9385.0,1354.3
Arnex-sur-Nyon,244.0,119.6
Arnex-sur-Orbe,663.0,87.0
Arni (AG),1898.0,563.2
Arni (BE),968.0,92.8
Arogno,955.0,112.5
Arosa,3143.0,20.3
Arth,12476.0,296.8
Arzier-Le Muids,2974.0,57.3
Ascona,5381.0,1087.1
Assens,1703.0,201.3
Astano,315.0,82.9
Attalens,3678.0,377.6
Attinghausen,1786.0,38.1
Attiswil,1549.0,202.5
Au (SG),8481.0,1823.9
Aubonne,3840.0,268.0
Auboranges,286.0,148.2
Auenstein,1728.0,304.2
Augst,1090.0,660.6
Ausserberg,637.0,42.4
Auswil,459.0,99.4
Autigny,804.0,129.3
Auw,2290.0,267.5
Avegno Gordevio,1568.0,57.4
Avenches,4843.0,248.7
Avers,168.0,1.8
Avry,1926.0,329.8
Avully,1757.0,380.3
Avusy,1408.0,272.3
Ayent,4350.0,78.6
Baar,24973.0,1004.9
Bachenbülach,4316.0,1001.4
Bachs,648.0,71.0
Bad Ragaz,6835.0,269.1
Baden,20430.0,1551.3
Balerna,3335.0,1318.2
Balgach,5139.0,788.2
Ballaigues,1196.0,132.0
Ballens,576.0,68.2
Ballwil,2821.0,321.7
Balm bei Günsberg,226.0,41.3
Balsthal,6501.0,413.8
Baltschieder,1367.0,43.6
Bannwil,672.0,140.6
Bardonnex,2548.0,509.6
Bargen (BE),1100.0,139.9
Bargen (SH),331.0,40.0
Bas-Intyamon,1701.0,51.0
Basadingen-Schlattingen,1856.0,118.7
Basel,176329.0,7393.2
Basse-Allaine,1203.0,52.2
Bassersdorf,12186.0,1349.5
Bassins,1485.0,71.5
Baulmes,1146.0,50.9
Bauma,5060.0,171.4
Bavois,1037.0,110.9
Beatenberg,1227.0,41.9
Beckenried,3736.0,154.1
Bedano,1496.0,800.0
Bedigliora,617.0,242.9
Bedretto,101.0,1.3
Beggingen,486.0,38.6
Begnins,1999.0,417.3
Beinwil (Freiamt),1279.0,113.1
Beinwil (SO),274.0,12.1
Beinwil am See,3601.0,942.7
Belfaux,3470.0,390.8
Bellach,5453.0,1030.8
Bellevue,4104.0,941.3
Bellikon,1592.0,322.3
Bellinzona,44743.0,272.5
Bellmund,1784.0,470.7
Bellwald,349.0,25.0
Belmont-Broye,6011.0,233.0
Belmont-sur-Lausanne,3898.0,1470.9
Belmont-sur-Yverdon,443.0,68.5
Belp,11678.0,502.1
Belprahon,260.0,68.1
Benken (SG),3035.0,184.1
Benken (ZH),853.0,150.7
Bennwil,668.0,102.3
Bercher,1329.0,311.2
Berg (SG),1012.0,269.1
Berg (TG),3573.0,271.9
Berg am Irchel,600.0,85.6
Bergdietikon,2946.0,496.0
Bergün Filisur,901.0,4.7
Berikon,4934.0,917.1
Beringen,5203.0,278.5
Berken,46.0,33.1
Berlingen,947.0,264.5
Bern,136988.0,2653.8
Berneck,3989.0,709.8
Bernex,10864.0,838.9
Berolle,304.0,31.6
Beromünster,6714.0,159.4
Besenbüren,639.0,268.5
Bettenhausen,696.0,176.6
Bettens,644.0,172.2
Bettingen,1294.0,580.3
Bettlach,4978.0,408.4
Bettmeralp,474.0,16.5
Bettwiesen,1324.0,343.9
Bettwil,695.0,163.5
Beurnevésin,112.0,22.0
Bever,607.0,13.3
Bex,8567.0,88.7
Biasca,6136.0,103.8
Biberist,9345.0,762.9
Biberstein,1644.0,401.0
Bichelsee-Balterswil,3044.0,248.3
Biel-Benken,3552.0,862.1
Biel/Bienne,55932.0,2639.5
Biezwil,354.0,85.3
Biglen,1867.0,520.1
Billens-Hennens,908.0,185.7
Binn,123.0,1.9
Binningen,15664.0,3512.1
Bioggio,2791.0,436.1
Bioley-Magnoux,252.0,58.7
Birmensdorf (ZH),7263.0,636.0
Birmenstorf (AG),3040.0,389.7
Birr,4718.0,934.3
Birrhard,921.0,307.0
Birrwil,1389.0,407.3
Birsfelden,10338.0,4118.7
Birwinken,1398.0,113.8
Bischofszell,6298.0,543.9
Bissone,955.0,516.2
Bister,39.0,6.7
Bitsch,1116.0,192.7
Bière,1713.0,68.4
Blatten,303.0,3.3
Blauen,685.0,96.2
Bleienbach,762.0,133.9
Blenio,1706.0,8.4
Blonay - Saint-Légier,12343.0,395.1
Blumenstein,1303.0,84.0
Bodio,899.0,138.7
Bofflens,194.0,46.1
Bogis-Bossey,984.0,401.6
Bois-d'Amont,2381.0,193.9
Bolken,593.0,279.7
Bolligen,6331.0,382.1
Boltigen,1267.0,16.4
Bonaduz,3533.0,245.3
Boncourt,1171.0,129.8
Bonfol,655.0,48.2
Boningen,807.0,292.4
Boniswil,1751.0,726.6
Bonstetten,5678.0,764.2
Bonvillars,526.0,69.9
Boppelsen,1446.0,365.2
Borex,1134.0,569.8
Bosco/Gurin,53.0,2.4
Bossonnens,1609.0,390.5
Boswil,3124.0,265.2
Bottens,1374.0,199.7
Bottenwil,868.0,170.2
Botterens,741.0,173.5
Bottighofen,2688.0,1115.4
Bottmingen,6995.0,2339.5
Boudry,6320.0,377.1
Bougy-Villars,514.0,290.4
Boulens,378.0,110.5
Bourg-Saint-Pierre,215.0,2.4
Bourg-en-Lavaux,5414.0,561.6
Bournens,518.0,132.5
Bourrignon,261.0,19.3
Boussens,1023.0,323.7
Bovernier,924.0,70.7
Bowil,1310.0,89.2
Boécourt,961.0,77.8
Braunau,861.0,93.9
Bregaglia,1578.0,6.3
Breggia,1936.0,76.0
Breil/Brigels,1713.0,17.7
Breitenbach,4304.0,632.9
Bremblens,614.0,211.0
Bremgarten (AG),8834.0,777.6
Bremgarten bei Bern,4414.0,2323.2
Brenzikofen,513.0,234.2
Bretigny-sur-Morrens,894.0,311.5
Bretonnières,259.0,47.5
Bretzwil,740.0,101.0
Brienz (BE),3278.0,68.2
Brienzwiler,509.0,28.9
Brig-Glis,13976.0,371.1
Brione sopra Minusio,442.0,115.7
Brislach,1730.0,183.7
Brissago,1619.0,90.5
Brittnau,4257.0,311.4
Broc,2810.0,280.2
Brot-Plamboz,294.0,18.3
Brugg,13288.0,1608.7
Brunegg,907.0,585.2
Brusino Arsizio,474.0,115.0
Brusio,1105.0,23.9
Brügg,4543.0,908.6
Brünisried,700.0,215.4
Brüttelen,609.0,92.1
Brütten,2186.0,331.2
Bubendorf,4509.0,417.5
Bubikon,7614.0,655.8
Buch (SH),323.0,85.0
Buch am Irchel,1032.0,101.1
Buchberg,890.0,151.9
Buchegg,2563.0,113.5
Buchholterberg,1538.0,100.3
Buchillon,687.0,327.1
Buchrain,6782.0,1412.9
Buchs (AG),8429.0,1584.4
Buchs (SG),13931.0,873.4
Buchs (ZH),6664.0,1141.1
Buckten,709.0,354.5
Bulle,26749.0,1121.1
Bullet,678.0,40.3
Buochs,5487.0,550.9
Bure,631.0,46.1
Burg im Leimental,283.0,99.6
Burgdorf,17119.0,1100.2
Burgistein,1094.0,145.5
Bursinel,525.0,294.9
Bursins,798.0,236.8
Burtigny,407.0,71.7
Buseno,91.0,8.2
Bussigny,10624.0,2208.7
Bussnang,2572.0,136.2
Busswil bei Melchnau,172.0,60.1
Bussy-sur-Moudon,251.0,80.4
Buttisholz,3504.0,209.7
Buttwil,1276.0,279.2
Buus,1112.0,125.6
Bäretswil,5142.0,231.7
Bäriswil,1112.0,407.3
Bärschwil,794.0,71.0
Bätterkinden,3394.0,333.1
Bättwil,1191.0,713.2
Böckten,848.0,371.9
Bönigen,2655.0,176.1
Bösingen,3341.0,233.3
Böttstein,4305.0,579.4
Bözberg,1670.0,107.7
Böztal,2896.0,129.9
Büetigen,933.0,258.4
Bühl,489.0,164.6
Bühler,1954.0,348.9
Bülach,24186.0,1503.2
Bünzen,1233.0,213.3
Bürchen,766.0,56.9
Büren (SO),1055.0,169.3
Büren an der Aare,3758.0,298.3
Bürglen (TG),4153.0,354.7
Bürglen (UR),3853.0,72.6
Büron,2746.0,511.4
Büsserach,2431.0,322.0
Bütschwil-Ganterschwil,5202.0,238.3
Büttenhardt,419.0,104.8
Büttikon,1144.0,405.7
Cademario,793.0,200.3
Cadempino,1580.0,2078.9
Cadenazzo,3111.0,371.2
Calanca,211.0,5.6
Cama,691.0,46.1
Campo (Vallemaggia),49.0,1.1
Canobbio,2396.0,1871.9
Capriasca,6760.0,185.8
Carouge (GE),22311.0,8263.3
Cartigny,1046.0,238.8
Caslano,4363.0,1563.8
Castaneda,262.0,66.2
Castel San Pietro,2225.0,187.9
Cazis,2416.0,77.5
Celerina/Schlarigna,1411.0,58.7
Centovalli,1098.0,20.6
Cerentino,38.0,1.9
Cevio,1109.0,7.3
Chalais,3905.0,160.4
Cham,17867.0,1007.7
Chamblon,561.0,196.2
Chamoson,4291.0,132.2
Champagne,1070.0,273.7
Champoz,158.0,22.0
Champtauroz,188.0,61.6
Champvent,730.0,80.8
Champéry,1399.0,36.0
Chancy,1651.0,306.9
Chapelle (Glâne),349.0,171.9
Chardonne,3236.0,313.9
Chavannes-de-Bogis,1400.0,489.5
Chavannes-des-Bois,1018.0,480.2
Chavannes-le-Chêne,318.0,79.5
Chavannes-le-Veyron,157.0,59.5
Chavannes-près-Renens,9311.0,5643.0
Chavannes-sur-Moudon,238.0,46.2
Chavornay,5414.0,280.8
Cheseaux-Noréaz,739.0,125.3
Cheseaux-sur-Lausanne,4841.0,1054.7
Chessel,521.0,146.8
Chevilly,337.0,86.6
Chevroux,525.0,154.4
Chexbres,2229.0,1036.7
Cheyres-Châbles,2468.0,253.4
Chiasso,7565.0,1414.0
Chigny,422.0,474.2
Chippis,1599.0,811.7
Choulex,1247.0,318.9
Chur,38949.0,718.1
Churwalden,2147.0,44.2
Château-d'Oex,3624.0,31.9
Châtel-Saint-Denis,8512.0,177.6
Châtel-sur-Montsalvens,359.0,176.8
Châtillon (FR),527.0,411.7
Châtillon (JU),494.0,93.0
Châtonnaye,865.0,137.1
Chénens,847.0,215.0
Chéserex,1276.0,120.6
Chêne-Bougeries,13876.0,3351.7
Chêne-Bourg,9450.0,7382.8
Chêne-Pâquier,176.0,83.4
Clarmont,220.0,215.7
Clos du Doubs,1294.0,21.0
Coeuve,721.0,62.0
Coinsins,522.0,179.4
Coldrerio,2856.0,1161.0
Collex-Bossy,1685.0,244.6
Collina d'Oro,4893.0,796.9
Collombey-Muraz,9903.0,332.9
Collonge-Bellerive,8630.0,1410.1
Collonges,865.0,70.8
Cologny,6024.0,1650.4
Comano,2183.0,1059.7
Commugny,2990.0,457.9
Concise,1021.0,89.8
Confignon,4552.0,1643.3
Conters im Prättigau,228.0,12.4
Conthey,9073.0,106.8
Coppet,3207.0,1715.0
Corbeyrier,464.0,21.1
Corbières,1042.0,108.2
Corcelles (BE),197.0,29.0
Corcelles-le-Jorat,500.0,63.0
Corcelles-près-Concise,421.0,103.7
Corcelles-près-Payerne,2917.0,240.9
Corgémont,1842.0,104.2
Corminboeuf,2928.0,405.0
Cormoret,512.0,38.0
Cornaux,1647.0,348.2
Cornol,1060.0,101.4
Corseaux,2336.0,2183.2
Corsier (GE),2282.0,832.8
Corsier-sur-Vevey,3428.0,508.6
Cortaillod,4798.0,1303.8
Cortébert,666.0,45.2
Cossonay,4761.0,575.0
Cottens (FR),1508.0,303.4
Courchapoix,445.0,69.6
Courchavon,314.0,50.7
Courgenay,2453.0,133.0
Courgevaux,1462.0,432.5
Courrendlin,3667.0,170.2
Courroux,3396.0,172.0
Court,1380.0,56.1
Courtedoux,774.0,94.3
Courtelary,1435.0,64.6
Courtepin,5765.0,263.0
Courtételle,2724.0,200.9
Crans (VD),2439.0,565.9
Crans-Montana,10488.0,175.8
Crassier,1277.0,629.1
Cressier (FR),1094.0,262.4
Cressier (NE),1924.0,224.5
Crissier,9334.0,1697.1
Cronay,422.0,64.1
Croy,397.0,88.6
Crémines,546.0,57.6
Crésuz,474.0,264.8
Cuarnens,541.0,75.9
Cuarny,242.0,53.1
Cudrefin,1877.0,121.0
Cugnasco-Gerra,2862.0,157.2
Cugy (FR),1989.0,201.3
Cugy (VD),2725.0,936.4
Cureglia,1489.0,1404.7
Curio,594.0,216.0
Curtilles,306.0,61.7
Céligny,874.0,187.6
Dachsen,1971.0,730.0
Dagmersellen,5878.0,246.3
Daillens,1062.0,192.4
Dallenwil,1875.0,121.1
Dalpe,181.0,12.4
Damphreux-Lugnez,363.0,33.7
Dardagny,1853.0,215.5
Davos,10800.0,38.0
Degersheim,4132.0,285.4
Deisswil bei Münchenbuchsee,86.0,39.8
Deitingen,2340.0,307.9
Delley-Portalban,1339.0,194.1
Delémont,12739.0,579.8
Denens,743.0,225.2
Denges,1818.0,1095.2
Densbüren,771.0,61.6
Derendingen,7008.0,1247.0
Develier,1372.0,110.0
Diegten,1641.0,170.2
Dielsdorf,6391.0,1088.8
Diemtigen,2279.0,17.5
Diepflingen,794.0,551.4
Diepoldsau,6928.0,615.8
Dierikon,1665.0,598.9
Diessbach bei Büren,1046.0,165.2
Diessenhofen,4132.0,409.9
Dietikon,28201.0,3019.4
Dietlikon,8036.0,1890.8
Dietwil,1445.0,263.2
Dinhard,1733.0,245.1
Dintikon,2432.0,653.8
Disentis/Mustér,2080.0,22.9
Dittingen,737.0,109.2
Dizy,237.0,78.0
Domat/Ems,8286.0,342.1
Domleschg,2219.0,48.3
Dompierre (VD),253.0,78.8
Donneloye,919.0,102.0
Doppleschwand,830.0,119.4
Dorf,721.0,129.7
Dornach,6862.0,1185.1
Dorénaz,1103.0,87.7
Dottikon,4160.0,1072.2
Dotzigen,1573.0,371.9
Dozwil,730.0,561.5
Drei Höfe,742.0,162.4
Duggingen,1611.0,274.9
Duillier,1114.0,271.0
Dulliken,5396.0,893.4
Dully,626.0,379.4
Dägerlen,1126.0,141.6
Dällikon,4387.0,972.7
Däniken,3041.0,560.0
Dänikon,1867.0,650.5
Därligen,416.0,60.0
Därstetten,859.0,26.2
Dättlikon,842.0,292.4
Démoret,160.0,37.4
Dörflingen,1059.0,182.0
Döttingen,4473.0,645.5
Dübendorf,31506.0,2313.2
Düdingen,8939.0,290.6
Dürnten,7877.0,770.7
Dürrenroth,1092.0,77.3
Dürrenäsch,1373.0,232.3
Ebikon,14662.0,1514.7
Ebnat-Kappel,5092.0,116.9
Echallens,6570.0,986.5
Echandens,2909.0,749.7
Echarlens,841.0,180.9
Echichens,3183.0,239.9
Eclépens,1182.0,203.8
Ecublens (FR),405.0,83.0
Ecublens (VD),13320.0,2328.7
Ederswiler,117.0,35.3
Egerkingen,4300.0,618.7
Egg,8816.0,606.7
Eggenwil,1031.0,419.1
Eggerberg,329.0,54.4
Eggersriet,2475.0,278.1
Eggiwil,2434.0,40.4
Eglisau,5667.0,625.5
Egliswil,1544.0,245.5
Egnach,5031.0,273.0
Egolzwil,1661.0,397.4
Ehrendingen,4906.0,673.0
Eich,1669.0,281.0
Eichberg,1571.0,288.8
Eiken,2447.0,345.6
Einsiedeln,16464.0,166.4
Eischoll,453.0,32.2
Eisten,191.0,5.0
Elgg,5144.0,210.9
Ellikon an der Thur,1026.0,204.4
Elsau,3766.0,466.7
Embd,294.0,22.0
Embrach,10308.0,812.3
Emmen,32380.0,1589.6
Emmetten,1661.0,66.7
Endingen,2703.0,227.0
Engelberg,4380.0,58.5
Enges,271.0,28.3
Ennetbaden,3672.0,1740.3
Ennetbürgen,5288.0,567.4
Ennetmoos,2321.0,165.0
Entlebuch,3387.0,59.5
Epalinges,9919.0,2170.5
Ependes (VD),388.0,80.7
Eppenberg-Wöschnau,326.0,180.1
Epsach,337.0,98.8
Eptingen,564.0,50.4
Ergisch,184.0,6.2
Eriswil,1333.0,117.5
Eriz,475.0,21.8
Erlach,1389.0,398.0
Erlen,3939.0,323.1
Erlenbach (ZH),5542.0,1917.6
Erlenbach im Simmental,1743.0,47.5
Erlinsbach (AG),4563.0,462.8
Erlinsbach (SO),3691.0,416.1
Ermatingen,3769.0,360.3
Ermensee,1032.0,181.4
Ernen,550.0,15.5
Erschwil,960.0,129.2
Ersigen,2043.0,132.1
Erstfeld,3950.0,66.8
Eschenbach (LU),3806.0,288.1
Eschenbach (SG),10169.0,185.3
Eschenz,1903.0,158.6
Eschert,385.0,58.5
Eschlikon,4901.0,787.9
Escholzmatt-Marbach,4474.0,42.0
Essertines-sur-Rolle,761.0,109.5
Essertines-sur-Yverdon,1104.0,113.2
Estavayer,10296.0,256.6
Etagnières,1173.0,310.3
Etoy,2913.0,592.1
Ettingen,5618.0,888.9
Ettiswil,2878.0,228.8
Etziken,1070.0,317.5
Evilard,2684.0,725.4
Evionnaz,1482.0,30.8
Evolène,1670.0,8.0
Eysins,1739.0,730.7
Fahrni,810.0,121.3
Fahrwangen,2497.0,622.7
Fahy,332.0,42.7
Faido,2753.0,20.8
Falera,627.0,28.0
Faoug,902.0,259.2
Farnern,224.0,60.9
Fehraltorf,6860.0,724.4
Fehren,595.0,402.0
Felben-Wellhausen,3195.0,432.9
Feldbrunnen-St. Niklaus,1027.0,409.2
Felsberg,2833.0,211.4
Ferden,253.0,9.1
Ferenbalm,1242.0,136.0
Ferpicloz,251.0,246.1
Ferrera,82.0,1.1
Ferreyres,319.0,100.9
Feuerthalen,3811.0,1536.7
Feusisberg,5613.0,320.7
Fey,762.0,103.8
Fideris,618.0,24.4
Fiesch,912.0,82.6
Fieschertal,359.0,2.1
Fiez,436.0,63.8
Finhaut,400.0,17.5
Finsterhennen,564.0,158.0
Fischbach,731.0,90.8
Fischbach-Göslikon,1706.0,555.7
Fischenthal,2625.0,86.8
Fischingen,2977.0,97.4
Fisibach,590.0,102.3
Fislisbach,6090.0,1205.9
Flaach,1488.0,146.3
Flawil,10631.0,926.9
Flerden,254.0,41.7
Flims,2939.0,58.2
Flumenthal,1043.0,335.4
Flums,5347.0,71.2
Flurlingen,1514.0,625.6
Fläsch,868.0,43.5
Flüelen,2060.0,166.3
Flühli,1821.0,16.8
Fontaines-sur-Grandson,199.0,25.3
Fontenais,1647.0,82.4
Forel (Lavaux),2066.0,111.6
Forst-Längenbühl,770.0,171.1
Founex,3805.0,794.4
Fraubrunnen,5498.0,172.3
Frauenfeld,26747.0,978.0
Frauenkappelen,1468.0,158.0
Freienbach,16943.0,1228.6
Freienstein-Teufen,2379.0,283.2
Freienwil,1116.0,279.7
Freimettigen,448.0,151.4
Frenkendorf,6623.0,1442.9
Fribourg,38660.0,4165.9
Frick,5741.0,576.4
Froideville,2723.0,384.6
Frutigen,7068.0,97.8
Fräschels,440.0,141.5
Fulenbach,1808.0,403.6
Full-Reuenthal,994.0,207.9
Fully,9160.0,242.3
Furna,203.0,6.1
Fällanden,9583.0,1502.0
Féchy,906.0,335.6
Fétigny,1189.0,290.0
Füllinsdorf,4700.0,1017.3
Fürstenau,349.0,264.4
Gachnang,4609.0,473.2
Gais,3147.0,148.4
Gaiserwald,8609.0,681.6
Galgenen,5431.0,409.3
Gals,838.0,106.9
Gambarogno,5086.0,98.2
Gampel-Bratsch,2167.0,94.1
Gampelen,1013.0,95.6
Gams,3711.0,166.6
Gansingen,1097.0,125.1
Gebenstorf,5761.0,1019.6
Gelterkinden,6296.0,643.8
Geltwil,232.0,70.7
Gempen,932.0,155.6
Genolier,2026.0,416.9
Genthod,2896.0,1009.1
Genève,206635.0,12971.4
Gerlafingen,5794.0,3131.9
Geroldswil,5261.0,2725.9
Gersau,2414.0,168.1
Gerzensee,1296.0,165.9
Geuensee,2900.0,448.2
Gibloux,8134.0,225.6
Giebenach,1121.0,836.6
Giez,458.0,96.2
Giffers,1684.0,322.6
Gilly,1472.0,189.7
Gimel,2470.0,130.8
Gingins,1266.0,100.8
Giornico,795.0,40.7
Gipf-Oberfrick,3878.0,381.3
Gisikon,1503.0,1391.7
Giswil,3944.0,45.9
Givisiez,3309.0,956.4
Givrins,1016.0,256.6
Gland,14018.0,1684.9
Glarus,12758.0,123.1
Glarus Nord,19639.0,133.6
Glarus Süd,9659.0,22.5
Glattfelden,5406.0,439.9
Gletterens,1135.0,443.4
Goldach,9709.0,2061.4
Gollion,1073.0,196.9
Gommiswald,5657.0,168.4
Goms,1157.0,8.9
Gondiswil,718.0,76.3
Gonten,1464.0,59.2
Gontenschwil,2182.0,224.0
Gordola,4814.0,692.7
Gossau (SG),18454.0,670.8
Gossau (ZH),10569.0,578.8
Gottlieben,340.0,1096.8
Goumoëns,1212.0,113.4
Graben,333.0,105.4
Grabs,7402.0,135.4
Grancia,455.0,745.9
Grancy,546.0,96.3
Grandcour,1004.0,98.4
Grandevent,236.0,68.6
Grandfontaine,381.0,42.5
Grandson,3384.0,431.1
Grandval,384.0,46.5
Grandvillard,858.0,35.3
Granges (Veveyse),970.0,217.0
Granges-Paccot,3936.0,986.5
Grangettes,212.0,64.0
Gravesano,1365.0,1922.5
Greifensee,5394.0,2376.2
Grellingen,1954.0,593.9
Grenchen,18295.0,702.8
Greng,167.0,174.0
Grengiols,424.0,7.2
Grens,395.0,154.9
Greppen,1201.0,361.7
Gretzenbach,2800.0,480.3
Grimisuat,3906.0,877.8
Grindel,517.0,167.9
Grindelwald,3825.0,22.3
Grolley,2120.0,397.0
Grono,1556.0,41.9
Grossaffoltern,3077.0,204.0
Grossdietwil,904.0,88.6
Grosshöchstetten,4088.0,589.9
Grosswangen,3450.0,175.1
Grub (AR),971.0,230.6
Gruyères,2301.0,80.9
Gryon,1508.0,99.1
Grächen,1295.0,90.7
Gränichen,8625.0,500.6
Grône,2557.0,123.4
Grüningen,3843.0,437.2
Grüsch,2161.0,49.9
Gsteig,1020.0,16.3
Gsteigwiler,434.0,61.7
Guggisberg,1472.0,26.8
Gunzgen,1712.0,435.6
Gurbrü,241.0,129.6
Gurmels,4695.0,271.1
Gurtnellen,505.0,6.1
Gurzelen,898.0,198.7
Guttannen,247.0,1.2
Guttet-Feschel,440.0,42.2
Gy,550.0,167.2
Gächlingen,1018.0,142.8
Göschenen,452.0,4.3
Gündlischwand,346.0,20.7
Günsberg,1185.0,225.3
Güttingen,1738.0,182.2
Habkern,617.0,12.1
Habsburg,435.0,195.1
Hagenbuch,1163.0,143.1
Hagneck,426.0,231.5
Hallau,2389.0,155.9
Hallwil,1021.0,468.3
Halten,854.0,461.6
Hasle (LU),1794.0,44.5
Hasle bei Burgdorf,3397.0,155.2
Hasliberg,1111.0,26.6
Hauenstein-Ifenthal,325.0,60.7
Hauptwil-Gottshaus,2084.0,166.9
Hausen (AG),3796.0,1186.3
Hausen am Albis,3974.0,292.2
Haut-Intyamon,1691.0,28.1
Haute-Ajoie,1057.0,25.8
Haute-Sorne,7362.0,103.6
Hautemorges,4338.0,131.6
Hauterive (FR),2687.0,224.5
Hauterive (NE),2669.0,1253.1
Hauteville,730.0,69.3
Hedingen,3963.0,606.9
Hefenhofen,1299.0,213.7
Heiden,4316.0,577.0
Heiligenschwendi,731.0,131.7
Heimberg,7058.0,1297.4
Heimenhausen,1201.0,205.7
Heimiswil,1631.0,69.8
Heitenried,1403.0,153.7
Hellikon,839.0,119.2
Hellsau,209.0,141.2
Hemishofen,502.0,63.6
Hemmiken,266.0,78.5
Hendschiken,1351.0,383.8
Henggart,2325.0,767.3
Henniez,450.0,172.4
Herbetswil,605.0,37.1
Herbligen,627.0,227.2
Herdern,1168.0,85.1
Hergiswil (NW),6187.0,432.7
Hergiswil bei Willisau,1928.0,61.5
Herisau,15893.0,630.7
Hermance,1236.0,858.3
Hermenches,377.0,79.0
Hermrigen,318.0,93.0
Herrliberg,6751.0,750.9
Hersberg,391.0,235.5
Herznach-Ueken,2634.0,231.7
Herzogenbuchsee,7438.0,757.4
Hettlingen,3219.0,545.6
Hildisrieden,2468.0,350.6
Hilterfingen,4082.0,1452.7
Himmelried,977.0,162.0
Hindelbank,2791.0,288.0
Hinwil,11832.0,531.1
Hirschthal,1756.0,497.5
Hittnau,3912.0,302.1
Hitzkirch,6030.0,218.6
Hochdorf,10033.0,1040.8
Hochfelden,1987.0,322.0
Hochwald,1266.0,151.6
Hofstetten bei Brienz,542.0,61.8
Hofstetten-Flüh,3401.0,452.3
Hohenrain,2452.0,105.6
Hohentannen,664.0,82.9
Holderbank (AG),1489.0,639.1
Holderbank (SO),753.0,97.0
Holziken,1742.0,609.1
Homberg,490.0,75.3
Hombrechtikon,8999.0,738.8
Homburg,1570.0,65.1
Honau,566.0,452.8
Horgen,23709.0,769.0
Horn,3130.0,1819.8
Horrenbach-Buchen,227.0,11.1
Horriwil,911.0,345.1
Horw,15475.0,1203.3
Hospental,176.0,5.0
Hubersdorf,717.0,531.1
Hundwil,944.0,39.2
Hunzenschwil,4415.0,1354.3
Huttwil,5136.0,297.9
Häfelfingen,251.0,63.2
Hägendorf,5277.0,378.6
Häggenschwil,1431.0,157.8
Hägglingen,2529.0,326.3
Härkingen,1767.0,320.7
Häutligen,267.0,87.0
Hérémence,1491.0,13.9
Höchstetten,263.0,99.6
Hölstein,2652.0,439.8
Höri,3509.0,732.6
Hünenberg,8990.0,488.3
Hüniken,160.0,156.9
Hüntwangen,1107.0,225.5
Hüttikon,974.0,612.6
Hüttlingen,884.0,76.2
Hüttwilen,1758.0,99.5
Icogne,634.0,25.5
Iffwil,445.0,87.9
Ilanz/Glion,5030.0,37.7
Illgau,821.0,74.9
Illnau-Effretikon,17679.0,537.2
Inden,118.0,12.1
Ingenbohl,9346.0,697.5
Inkwil,675.0,199.7
Innerthal,184.0,3.7
Innertkirchen,1075.0,4.5
Ins,3723.0,156.0
Interlaken,6000.0,1405.2
Inwil,2919.0,282.8
Ipsach,3875.0,2039.5
Iseltwald,401.0,18.3
Isenthal,457.0,7.5
Islisberg,690.0,415.7
Isone,394.0,30.7
Isérables,809.0,53.0
Itingen,2441.0,779.9
Ittigen,11628.0,2768.6
Jaberg,304.0,232.1
Jaun,647.0,11.7
Jegenstorf,5852.0,433.8
Jenaz,1145.0,44.2
Jenins,948.0,89.9
Jens,664.0,145.0
Jonen,2351.0,412.5
Jongny,1915.0,886.6
Jonschwil,4023.0,366.1
Jorat-Menthue,1556.0,88.2
Jorat-Mézières,3177.0,286.7
Jouxtens-Mézery,1493.0,773.6
Juriens,351.0,37.5
Jussy,1173.0,103.3
Kaiseraugst,5544.0,1131.4
Kaisten,2948.0,163.0
Kallern,407.0,151.9
Kallnach,2239.0,124.5
Kaltbrunn,5084.0,272.7
Kammersrohr,31.0,32.6
Kandergrund,821.0,25.6
Kandersteg,1308.0,9.7
Kappel (SO),3511.0,688.4
Kappel am Albis,1323.0,167.0
Kappelen,1404.0,128.0
Kaufdorf,1121.0,544.2
Kehrsatz,4541.0,1022.7
Kemmental,2800.0,111.8
Kernenried,543.0,163.1
Kerns,6472.0,69.9
Kerzers,5448.0,443.6
Kesswil,999.0,224.0
Kestenholz,1881.0,219.0
Kienberg,528.0,61.9
Kiesen,1013.0,216.0
Kilchberg (BL),177.0,111.3
Kilchberg (ZH),9438.0,3658.1
Killwangen,2242.0,922.6
Kippel,331.0,28.3
Kirchberg (BE),5889.0,650.7
Kirchberg (SG),9755.0,229.3
Kirchdorf (BE),1855.0,126.9
Kirchleerau,935.0,214.4
Kirchlindach,3293.0,275.3
Kleinandelfingen,2203.0,214.1
Kleinbösingen,705.0,233.4
Kleinlützel,1197.0,73.3
Klingnau,3673.0,547.4
Klosters,4473.0,20.4
Kloten,21272.0,1103.9
Knonau,2454.0,379.3
Knutwil,2460.0,252.6
Koblenz,1759.0,431.1
Konolfingen,5490.0,429.9
Koppigen,2265.0,326.8
Kradolf-Schönenberg,3899.0,356.1
Krattigen,1155.0,192.5
Krauchthal,2380.0,122.4
Kreuzlingen,23241.0,2021.0
Kriechenwil,430.0,90.1
Kriegstetten,1427.0,1251.8
Kriens,29632.0,1085.4
Känerkinden,535.0,361.5
Kölliken,5035.0,566.4
Köniz,42958.0,842.1
Küblis,920.0,113.0
Künten,1917.0,392.0
Küsnacht (ZH),15162.0,1226.7
Küssnacht (SZ),14044.0,477.8
Küttigen,6857.0,576.2
L'Abbaye,1536.0,48.2
L'Abergement,268.0,46.3
L'Isle,1087.0,67.0
La Baroche,1134.0,36.5
La Brillaz,2201.0,213.5
La Brévine,615.0,14.7
La Chaux (Cossonay),432.0,64.1
La Chaux-de-Fonds,37233.0,668.3
La Chaux-du-Milieu,496.0,28.7
La Côte-aux-Fées,483.0,37.6
La Ferrière,532.0,37.6
La Grande Béroche,9082.0,215.5
La Neuveville,3825.0,564.2
La Praz,206.0,40.2
La Punt Chamues-ch,732.0,11.6
La Rippe,1205.0,72.6
La Roche,1859.0,77.3
La Sagne,1068.0,41.8
La Sarraz,2598.0,337.4
La Sonnaz,1406.0,202.0
La Tour-de-Peilz,12595.0,3863.5
La Tène,5520.0,1043.5
La Verrerie,1346.0,100.2
Laax,2112.0,66.6
Lachen,9458.0,3908.3
Laconnex,670.0,174.9
Lajoux (JU),710.0,57.3
Lalden,733.0,563.8
Lamone,1766.0,949.5
Lampenberg,572.0,142.6
Lancy,36229.0,7595.2
Landiswil,624.0,60.8
Landquart,9191.0,487.3
Langenbruck,997.0,63.7
Langendorf,3858.0,1978.5
Langenthal,16077.0,760.9
Langnau am Albis,8157.0,940.8
Langnau im Emmental,9488.0,196.2
Langrickenbach,1476.0,136.3
Lantsch/Lenz,528.0,24.2
Lauenen,850.0,14.5
Lauerz,1130.0,123.1
Laufen,5974.0,524.0
Laufen-Uhwiesen,1813.0,288.7
Laufenburg,3800.0,262.6
Laupen,3281.0,792.5
Laupersdorf,1897.0,122.4
Lauperswil,2712.0,128.0
Lausanne,144160.0,3483.8
Lausen,5828.0,1046.3
Lauterbrunnen,2315.0,14.1
Lauwil,319.0,43.7
Lavertezzo,1238.0,1375.6
Lavey-Morcles,1022.0,72.0
Lavigny,1054.0,263.5
Lavizzara,487.0,2.6
Lax,336.0,62.1
Le Bémont (JU),305.0,26.1
Le Cerneux-Péquignot,311.0,19.8
Le Chenit,4707.0,47.5
Le Châtelard,352.0,47.0
Le Flon,1203.0,125.7
Le Grand-Saconnex,12806.0,2923.7
Le Landeron,4647.0,452.0
Le Lieu,908.0,27.9
Le Locle,10875.0,313.8
Le Mont-sur-Lausanne,9272.0,946.1
Le Mouret,3323.0,179.0
Le Noirmont,1957.0,96.0
Le Pâquier (FR),1390.0,308.9
Le Vaud,1403.0,451.1
Leibstadt,1596.0,249.4
Leimbach (AG),533.0,463.5
Leissigen,1222.0,117.7
Lengnau (AG),2929.0,231.2
Lengnau (BE),5708.0,770.3
Lengwil,1786.0,200.9
Lenk,2301.0,18.7
Lens,4536.0,324.5
Lenzburg,11184.0,988.9
Les Bois,1252.0,50.7
Les Breuleux,1642.0,110.4
Les Clées,192.0,27.3
Les Enfers,149.0,20.9
Les Genevez (JU),510.0,37.4
Les Montets,1614.0,156.9
Les Planchettes,198.0,16.9
Les Ponts-de-Martel,1229.0,67.6
Les Verrières,649.0,22.5
Leuggern,2404.0,174.7
Leuk,4307.0,78.1
Leukerbad,1396.0,20.7
Leutwil,752.0,200.5
Leuzigen,1353.0,131.6
Leysin,3715.0,200.1
Leytron,3357.0,125.2
Lichtensteig,2079.0,737.2
Liddes,755.0,12.9
Liedertswil,156.0,80.4
Liesberg,1088.0,87.3
Liestal,15834.0,871.0
Ligerz,517.0,288.8
Lignerolle,462.0,43.4
Lignières,1041.0,83.1
Lindau,5875.0,490.0
Linden,1257.0,95.0
Linescio,42.0,6.3
Locarno,16394.0,877.2
Lohn (SH),768.0,157.7
Lohn-Ammannsegg,2976.0,664.3
Lommis,1274.0,148.0
Lommiswil,1630.0,283.0
Lonay,2687.0,722.3
Longirod,551.0,58.3
Losone,6766.0,730.7
Lostallo,850.0,16.7
Lostorf,4088.0,308.5
Lotzwil,2705.0,434.9
Lovatens,141.0,40.6
Loveresse,348.0,74.2
Lucens,4596.0,238.4
Lufingen,2840.0,548.3
Lugano,63495.0,837.1
Luins,626.0,234.5
Lully (FR),1214.0,219.9
Lully (VD),831.0,405.4
Lumino,1614.0,159.8
Lumnezia,2072.0,12.5
Lungern,2061.0,44.4
Lupfig,3359.0,397.5
Lupsingen,1509.0,485.2
Lussery-Villars,473.0,126.5
Lussy-sur-Morges,732.0,312.8
Luterbach,3640.0,805.3
Luthern,1265.0,33.5
Lutry,10794.0,1275.9
Lutzenberg,1332.0,592.0
Luzein,1625.0,19.4
Luzern,85534.0,2939.3
Lyss,16406.0,1106.3
Lyssach,1475.0,243.8
Läufelfingen,1396.0,171.1
Löhningen,1624.0,237.8
Lüscherz,572.0,105.5
Lüsslingen-Nennigkofen,1140.0,146.0
Lüterkofen-Ichertswil,904.0,204.1
Lüterswil-Gächliwil,363.0,118.6
Lütisburg,1645.0,116.7
Lütschental,226.0,18.4
Lützelflüh,4366.0,162.5
Madiswil,3369.0,145.4
Madulain,197.0,12.1
Magden,3899.0,353.8
Maggia,2688.0,24.2
Magliaso,1621.0,1473.6
Maienfeld,3193.0,98.8
Maisprach,941.0,185.2
Malans,2527.0,221.7
Malters,7771.0,272.0
Mammern,692.0,127.0
Mandach,346.0,62.5
Manno,1340.0,565.4
Maracon,567.0,129.5
Marbach (SG),2118.0,483.6
Marchissy,510.0,42.6
Marly,9069.0,1174.7
Marsens,2115.0,269.4
Marthalen,1953.0,138.2
Martigny,21759.0,667.7
Martigny-Combe,2332.0,62.3
Maschwanden,644.0,137.3
Masein,532.0,126.7
Massagno,6676.0,9021.6
Massongex,2044.0,307.8
Massonnens,606.0,141.3
Mathod,710.0,107.7
Matran,1774.0,609.6
Matten bei Interlaken,4195.0,709.8
Mattstetten,586.0,154.6
Matzendorf,1374.0,121.9
Matzingen,3111.0,405.1
Mauborget,134.0,24.3
Mauensee,1532.0,212.2
Maur,10919.0,739.3
Mauraz,64.0,128.0
Medel (Lucmagn),328.0,2.4
Meggen,7771.0,1068.9
Meienried,57.0,87.7
Meierskappel,1580.0,232.4
Meikirch,2580.0,252.2
Meilen,14751.0,1235.4
Meinier,2079.0,299.1
Meinisberg,1443.0,328.7
Meiringen,4798.0,118.1
Meisterschwanden,3267.0,768.7
Melchnau,1542.0,150.0
Melide,1783.0,1074.1
Mellikon,237.0,87.8
Mellingen,6170.0,1266.9
Mels,9538.0,68.6
Meltingen,645.0,112.0
Mendrisio,15068.0,474.3
Menziken,8400.0,1147.5
Menzingen,4659.0,169.4
Menznau,3113.0,102.6
Merenschwand,3794.0,280.8
Mergoscia,203.0,16.7
Merishausen,899.0,51.2
Mervelier,535.0,54.9
Merzligen,402.0,174.8
Mesocco,1420.0,8.6
Messen,1496.0,125.8
Mettauertal,2158.0,100.0
Mettembert,112.0,47.9
Mettmenstetten,5707.0,438.0
Metzerlen-Mariastein,973.0,114.7
Mex (VD),814.0,287.6
Meyriez,564.0,1658.8
Meyrin,26882.0,2704.4
Mezzovico-Vira,1368.0,122.9
Mies,2200.0,637.7
Miglieglia,301.0,59.0
Milvignes,9312.0,1059.4
Minusio,7365.0,1256.8
Mirchel,589.0,251.7
Misery-Courtion,2364.0,208.3
Missy,373.0,119.9
Moiry,296.0,44.4
Mollens (VD),322.0,29.3
Molondin,282.0,51.4
Mont-Noble,1174.0,27.0
Mont-Tramelan,114.0,24.6
Mont-Vully,4452.0,254.3
Mont-la-Ville,495.0,25.0
Mont-sur-Rolle,2783.0,721.0
Montagny (FR),3017.0,172.1
Montagny-près-Yverdon,775.0,220.2
Montanaire,2834.0,84.6
Montcherand,494.0,160.9
Monteceneri,4683.0,129.8
Montet (Glâne),532.0,241.8
Montfaucon,566.0,31.0
Monthey,18886.0,658.0
Montilliez,1894.0,159.7
Montpreveyres,639.0,155.1
Montreux,26828.0,803.0
Montricher,961.0,36.9
Moosleerau,957.0,251.2
Moosseedorf,4130.0,647.3
Morbio Inferiore,4419.0,1955.3
Morcote,707.0,253.4
Morges,17720.0,4626.6
Morlon,713.0,270.1
Morrens (VD),1142.0,311.2
Morschach,1253.0,60.2
Mosnang,2969.0,58.8
Moudon,6393.0,408.5
Moutier,7171.0,365.7
Movelier,420.0,52.0
Muhen,4112.0,584.9
Mumpf,1549.0,493.3
Muntelier,964.0,876.4
Muntogna da Schons,371.0,6.9
Muolen,1257.0,121.7
Muotathal,3589.0,20.8
Muralto,2587.0,4384.7
Murgenthal,3101.0,166.5
Muri (AG),8602.0,697.1
Muri bei Bern,13530.0,1773.3
Muriaux,508.0,30.1
Murten,9531.0,261.8
Mutrux,146.0,45.2
Muttenz,18234.0,1095.1
Muzzano,800.0,516.1
Mägenwil,2215.0,636.5
Männedorf,11666.0,2445.7
Märstetten,2949.0,296.1
Ménières,442.0,100.9
Mézières (FR),1147.0,128.4
Möhlin,11349.0,603.7
Mönchaltorf,4237.0,558.2
Mönthal,405.0,102.8
Mörel-Filet,745.0,87.1
Mörigen,888.0,411.1
Möriken-Wildegg,4888.0,739.5
Mörschwil,3662.0,372.2
Mühlau,1336.0,242.0
Mühleberg,3079.0,117.3
Müllheim,3306.0,378.3
Mülligen,1078.0,341.1
Mümliswil-Ramiswil,2451.0,69.1
Münchenbuchsee,10426.0,893.4
Münchenstein,12304.0,1711.3
Münchenwiler,564.0,227.4
Münchwilen (AG),1070.0,435.0
Münchwilen (TG),5908.0,756.5
Münsingen,13113.0,831.5
Münsterlingen,3600.0,659.3
Müntschemier,1624.0,333.5
Naters,10605.0,72.0
Nebikon,2817.0,755.2
Neckertal,6437.0,78.7
Neerach,3316.0,549.0
Neftenbach,5763.0,382.4
Neggio,317.0,356.2
Nendaz,7196.0,83.7
Nenzlingen,467.0,127.6
Nesslau,3833.0,41.3
Neuchâtel,44898.0,1492.6
Neuendorf,2404.0,336.7
Neuenegg,5771.0,264.4
Neuenhof,9087.0,1689.0
Neuenkirch,7222.0,283.4
Neuhausen am Rheinfall,11213.0,1401.6
Neuheim,2454.0,309.5
Neunforn,1120.0,98.6
Neunkirch,2591.0,144.6
Neyruz (FR),2875.0,519.9
Nidau,7072.0,4652.6
Niederbipp,5418.0,274.1
Niederbuchsiten,1301.0,237.0
Niederbüren,1497.0,94.5
Niederdorf,1804.0,409.1
Niedergesteln,750.0,42.6
Niederglatt,5341.0,1483.6
Niedergösgen,4197.0,971.5
Niederhasli,9611.0,850.5
Niederhelfenschwil,3256.0,198.9
Niederhünigen,709.0,130.8
Niederlenz,4896.0,1479.2
Niedermuhlern,512.0,70.5
Niederried bei Interlaken,375.0,90.4
Niederrohrdorf,4648.0,1395.8
Niederweningen,3238.0,472.7
Niederwil (AG),3042.0,494.6
Niederönz,1782.0,638.7
Noble-Contrée,4677.0,719.5
Nods,786.0,29.5
Nottwil,4149.0,401.6
Novaggio,835.0,191.1
Novalles,102.0,49.5
Novazzano,2344.0,448.2
Noville,1180.0,113.6
Nuglar-St. Pantaleon,1546.0,243.8
Nunningen,1973.0,191.4
Nusshof,279.0,162.2
Nuvilly,493.0,123.9
Nyon,23016.0,3384.7
Nürensdorf,5788.0,576.5
Oberbalm,870.0,70.2
Oberbipp,1899.0,224.7
Oberbuchsiten,2386.0,254.1
Oberburg,2926.0,206.9
Oberbüren,4660.0,262.8
Oberdiessbach,3648.0,221.5
Oberdorf (BL),2540.0,409.0
Oberdorf (NW),3105.0,191.7
Oberdorf (SO),1859.0,156.1
Oberegg,1931.0,132.2
Oberembrach,1105.0,107.7
Oberems,139.0,2.8
Oberengstringen,6812.0,3168.4
Oberentfelden,8907.0,1244.0
Obergerlafingen,1262.0,835.8
Oberglatt,7595.0,920.6
Obergoms,640.0,4.1
Obergösgen,2457.0,676.9
Oberhallau,438.0,72.4
Oberhof,580.0,70.7
Oberhofen am Thunersee,2492.0,919.6
Oberhünigen,315.0,52.3
Oberiberg,896.0,27.0
Oberkirch,5077.0,557.9
Oberkulm,2999.0,318.7
Oberlangenegg,484.0,52.8
Oberlunkhofen,2193.0,674.8
Obermumpf,1072.0,213.5
Oberried am Brienzersee,469.0,23.3
Oberrieden,5393.0,1933.0
Oberriet (SG),9291.0,268.5
Oberrohrdorf,4255.0,989.5
Oberrüti,1600.0,297.4
Obersaxen Mundaun,1148.0,16.3
Obersiggenthal,8881.0,1062.3
Oberthal,717.0,68.0
Oberuzwil,6674.0,474.0
Oberweningen,1891.0,382.8
Oberwil (BL),11498.0,1457.3
Oberwil bei Büren,912.0,135.3
Oberwil im Simmental,838.0,18.2
Oberwil-Lieli,2605.0,486.9
Oberägeri,6543.0,217.8
Obfelden,5881.0,780.0
Ochlenberg,535.0,44.1
Oekingen,868.0,363.2
Oensingen,6636.0,548.4
Oeschenbach,222.0,56.6
Oeschgen,1176.0,268.5
Oetwil am See,5075.0,830.6
Oetwil an der Limmat,2593.0,936.1
Oftringen,15080.0,1173.5
Ogens,332.0,97.6
Ollon,8159.0,137.0
Olsberg,367.0,79.6
Olten,18715.0,1628.8
Oltingen,519.0,72.3
Onex,18886.0,6721.0
Onnens (VD),498.0,96.9
Onsernone,663.0,6.3
Opfikon,21553.0,3855.6
Oppens,202.0,56.1
Oppligen,659.0,193.8
Orbe,7842.0,650.8
Orges,416.0,103.5
Origlio,1529.0,735.1
Ormalingen,2363.0,341.0
Ormont-Dessous,1213.0,18.9
Ormont-Dessus,1423.0,23.1
Orny,500.0,90.1
Oron,6173.0,234.9
Orpund,3330.0,838.8
Orselina,699.0,360.3
Orsières,3292.0,20.0
Orvin,1264.0,58.5
Orzens,214.0,51.0
Ossingen,1703.0,130.1
Ostermundigen,18195.0,3052.9
Otelfingen,3001.0,419.7
Othmarsingen,3155.0,668.4
Ottenbach,2973.0,592.2
Oulens-sous-Echallens,598.0,101.9
Pailly,576.0,99.8
Paradiso,4832.0,5429.2
Paudex,1536.0,3134.7
Payerne,10545.0,436.1
Penthalaz,3197.0,826.1
Penthaz,1898.0,494.3
Penthéréaz,438.0,77.1
Perly-Certoux,3194.0,1257.5
Perrefitte,481.0,56.1
Perroy,1598.0,549.1
Personico,309.0,7.9
Petit-Val,484.0,20.3
Pfaffnau,2784.0,157.5
Pfeffingen,2387.0,488.1
Pfungen,4131.0,827.9
Pfyn,2270.0,172.8
Pfäfers,1601.0,12.5
Pfäffikon,12509.0,640.8
Pierrafortscha,150.0,29.6
Pieterlen,5168.0,618.9
Plaffeien,3668.0,55.1
Plan-les-Ouates,12221.0,2089.1
Plasselb,1059.0,58.3
Plateau de Diesse,2153.0,84.3
Pleigne,349.0,19.6
Pohlern,243.0,24.6
Poliez-Pittet,875.0,174.7
Pollegio,854.0,143.3
Pompaples,927.0,208.8
Pomy,876.0,155.9
Pont-en-Ogoz,2013.0,198.1
Pont-la-Ville,613.0,140.9
Ponte Capriasca,1926.0,312.2
Ponthaux,806.0,136.4
Pontresina,2077.0,17.6
Porrentruy,6601.0,447.2
Port,3898.0,1584.6
Port-Valais,4485.0,312.5
Porza,1679.0,1076.3
Poschiavo,3525.0,18.5
Prangins,4271.0,703.6
Prato (Leventina),381.0,22.7
Pratteln,16566.0,1546.8
Pregny-Chambésy,4035.0,1245.4
Premier,233.0,38.1
Presinge,726.0,154.1
Prez,2472.0,154.1
Prilly,12417.0,5644.1
Provence,414.0,13.0
Préverenges,5215.0,2788.8
Prévondavaux,97.0,53.3
Prévonloup,226.0,122.8
Puidoux,3008.0,131.6
Pully,19287.0,3285.7
Puplinge,2558.0,958.1
Pura,1358.0,446.7
Péry-La Heutte,1957.0,82.3
Quarten,3085.0,50.0
Quinto,943.0,12.5
Radelfingen,1282.0,87.2
Rafz,4766.0,446.3
Rain,3129.0,332.2
Ramlinsburg,734.0,326.2
Ramsen,1617.0,119.8
Rances,525.0,53.4
Randa,461.0,8.5
Raperswilen,426.0,55.4
Rapperswil (BE),2712.0,120.1
Rapperswil-Jona,28640.0,1287.2
Raron,2002.0,65.9
Realp,158.0,2.0
Rebstein,5051.0,1150.6
Rebévelier,34.0,9.6
Recherswil,2180.0,648.8
Rechthalten,1152.0,157.8
Reconvilier,2464.0,298.7
Regensberg,462.0,194.9
Regensdorf,19676.0,1345.8
Rehetobel,1773.0,263.8
Reichenbach im Kandertal,3723.0,29.6
Reichenburg,4113.0,356.1
Reiden,7492.0,277.2
Reigoldswil,1599.0,172.9
Reinach (AG),9499.0,1003.1
Reinach (BL),20258.0,2906.5
Reisiswil,173.0,86.1
Reitnau,1627.0,202.9
Remaufens,1285.0,217.4
Remetschwil,2113.0,544.6
Remigen,1385.0,176.0
Renan (BE),937.0,74.2
Renens (VD),21408.0,7256.9
Rennaz,931.0,425.1
Reute (AR),700.0,140.3
Reutigen,1055.0,93.4
Rheinau,1290.0,144.1
Rheineck,3516.0,1591.0
Rheinfelden,13854.0,864.8
Rheinwald,576.0,4.2
Rhäzüns,1633.0,122.1
Riaz,2890.0,372.9
Richterswil,14209.0,1887.0
Rickenbach (BL),570.0,196.6
Rickenbach (LU),3695.0,311.8
Rickenbach (SO),1198.0,434.1
Rickenbach (TG),3072.0,1944.3
Rickenbach (ZH),2821.0,468.6
Riddes,3701.0,154.9
Ried bei Kerzers,1223.0,162.0
Ried-Brig,2254.0,47.4
Riederalp,437.0,22.9
Riedholz,2313.0,323.5
Riehen,22408.0,2061.5
Riemenstalden,84.0,7.5
Rifferswil,1145.0,175.9
Riggisberg,3117.0,90.3
Ringgenberg (BE),2651.0,298.5
Riniken,1555.0,326.7
Risch,11449.0,770.5
Riva San Vitale,2656.0,439.0
Rivaz,326.0,1051.6
Riviera,4262.0,49.3
Roche (VD),1949.0,302.2
Rochefort,1325.0,51.3
Roches (BE),196.0,21.6
Rodersdorf,1418.0,265.0
Roggenburg,255.0,38.2
Roggliswil,789.0,127.1
Roggwil (BE),4326.0,551.8
Roggwil (TG),3397.0,282.4
Rohrbach,1568.0,384.3
Rohrbachgraben,375.0,58.0
Rolle,6446.0,2352.6
Romainmôtier-Envy,574.0,82.2
Romanel-sur-Lausanne,3991.0,1385.8
Romanel-sur-Morges,462.0,262.5
Romanshorn,11728.0,1343.4
Romont (BE),234.0,33.3
Romont (FR),5891.0,541.0
Romoos,652.0,17.4
Ronco sopra Ascona,524.0,104.8
Rongellen,61.0,30.2
Root,5727.0,662.1
Ropraz,532.0,110.6
Rorbas,3012.0,678.4
Rorschach,9955.0,5592.7
Rorschacherberg,7685.0,1083.9
Rossa,161.0,2.7
Rossemaison,733.0,387.8
Rossenges,88.0,81.5
Rossinière,528.0,22.6
Rothenbrunnen,312.0,100.3
Rothenburg,7828.0,505.4
Rothenfluh,814.0,74.3
Rothenthurm,2596.0,114.1
Rothrist,9866.0,832.6
Rottenschwil,946.0,210.7
Rougemont,798.0,16.4
Roveredo (GR),2625.0,67.7
Rovray,199.0,62.2
Rubigen,2894.0,418.2
Rudolfstetten-Friedlisberg,4599.0,938.6
Rue,1592.0,142.1
Rueyres,302.0,151.0
Rumendingen,83.0,34.0
Rumisberg,495.0,96.3
Rupperswil,6041.0,971.2
Russikon,4567.0,321.4
Russin,524.0,106.7
Ruswil,7472.0,165.1
Römerswil,1789.0,107.8
Röschenz,1894.0,188.1
Röthenbach im Emmental,1173.0,31.9
Rüderswil,2425.0,140.9
Rüdlingen,799.0,145.0
Rüdtligen-Alchenflüh,2451.0,901.1
Rüeggisberg,1789.0,50.0
Rüegsau,3278.0,217.7
Rüfenach,874.0,209.6
Rümlang,8194.0,660.3
Rümlingen,434.0,190.4
Rünenberg,783.0,157.5
Rüschegg,1727.0,30.1
Rüschlikon,6275.0,2141.6
Rüthi (SG),2542.0,272.5
Rüti (ZH),12862.0,1278.5
Rüti bei Büren,879.0,135.2
Rüti bei Lyssach,163.0,126.4
Rütschelen,574.0,144.2
Rüttenen,1541.0,175.7
S-chanf,706.0,5.1
Saanen,6962.0,58.0
Saas-Almagell,379.0,3.4
Saas-Balen,362.0,12.0
Saas-Fee,1592.0,39.5
Saas-Grund,1067.0,43.1
Sachseln,5294.0,98.2
Safenwil,4564.0,761.9
Safiental,963.0,6.4
Safnern,2020.0,359.4
Sagogn,766.0,110.7
Saicourt,618.0,44.9
Saignelégier,2568.0,81.1
Saillon,3094.0,225.2
Saint-Aubin (FR),1970.0,249.7
Saint-Barthélemy (VD),829.0,201.2
Saint-Blaise,3238.0,365.5
Saint-Brais,239.0,15.8
Saint-Cergue,2902.0,119.5
Saint-George,1060.0,86.0
Saint-Gingolph,1049.0,72.6
Saint-Imier,5088.0,243.8
Saint-Livres,698.0,86.0
Saint-Léonard,2613.0,673.5
Saint-Martin (FR),1011.0,103.4
Saint-Martin (VS),841.0,22.7
Saint-Maurice,4574.0,306.6
Saint-Oyens,451.0,147.4
Saint-Prex,5905.0,1065.9
Saint-Saphorin (Lavaux),388.0,436.0
Saint-Sulpice (VD),5144.0,2765.6
Sainte-Croix,5068.0,128.4
Salenstein,1461.0,223.4
Salgesch,1693.0,149.0
Salmsach,1600.0,590.4
Salvan,1483.0,27.7
Samedan,2913.0,25.6
Samnaun,755.0,13.4
San Vittore,912.0,41.3
Sant'Antonino,2646.0,404.0
Santa Maria in Calanca,119.0,12.8
Sargans,6522.0,689.4
Sarmenstorf,3118.0,375.7
Sarnen,10742.0,146.9
Satigny,4577.0,241.9
Sattel,2066.0,118.8
Saubraz,449.0,121.0
Sauge,811.0,60.3
Saulcy,273.0,34.7
Saules (BE),148.0,34.6
Savigny,3449.0,215.4
Savièse,8182.0,115.3
Savosa,2245.0,3033.8
Saxeten,91.0,4.7
Saxon,7114.0,306.4
Schaffhausen,38666.0,923.9
Schafisheim,3137.0,495.6
Schangnau,919.0,25.2
Scharans,838.0,58.6
Schattdorf,5462.0,334.5
Schattenhalb,569.0,18.0
Schelten,35.0,6.3
Schenkon,3130.0,464.4
Scheuren,540.0,255.9
Schiers,2951.0,47.9
Schinznach,2430.0,198.5
Schlatt (TG),1887.0,121.4
Schlatt (ZH),774.0,86.3
Schlatt-Haslen,1121.0,62.5
Schleinikon,870.0,153.2
Schleitheim,1807.0,83.5
Schlierbach,988.0,137.8
Schlieren,20581.0,3123.1
Schlossrued,873.0,120.4
Schluein,612.0,127.8
Schmerikon,4162.0,1005.3
Schmiedrued,1152.0,133.2
Schmitten (FR),4300.0,318.8
Schmitten (GR),209.0,18.4
Schneisingen,1562.0,189.1
Schnottwil,1150.0,160.4
Schongau,1061.0,85.4
Schupfart,883.0,125.2
Schwaderloch,723.0,261.0
Schwadernau,683.0,164.6
Schwanden bei Brienz,657.0,93.1
Schwarzenberg,1792.0,45.6
Schwarzenburg,6775.0,151.2
Schwarzhäusern,531.0,140.1
Schwellbrunn,1557.0,89.4
Schwende-Rüte,6060.0,61.6
Schwerzenbach,5172.0,1974.0
Schwyz,16181.0,304.3
Schänis,4154.0,104.1
Schöfflisdorf,1391.0,346.9
Schöftland,4555.0,725.3
Schönenbuch,1456.0,1078.5
Schönengrund,556.0,107.1
Schönenwerd,5201.0,1401.9
Schönholzerswilen,889.0,81.3
Schötz,4924.0,322.5
Schübelbach,9623.0,331.7
Schüpfen,3766.0,189.8
Schüpfheim,4251.0,110.8
Scuol,4572.0,10.4
Seeberg,1616.0,96.2
Seedorf (BE),3183.0,152.5
Seedorf (UR),2065.0,107.1
Seegräben,1469.0,389.7
Seehof,66.0,7.8
Seelisberg,738.0,55.5
Seengen,4411.0,455.2
Seewen,1064.0,65.2
Seewis im Prättigau,1430.0,28.8
Seftigen,2177.0,559.6
Seltisberg,1318.0,370.2
Selzach,3682.0,189.1
Sembrancher,1093.0,61.8
Sempach,4160.0,466.9
Semsales,1575.0,53.6
Senarclens,490.0,123.4
Sennwald,6269.0,150.8
Seon,5571.0,579.1
Sergey,137.0,93.8
Serravalle,2066.0,21.3
Servion,2174.0,344.0
Seuzach,7880.0,1042.3
Sevelen,5392.0,177.8
Siblingen,895.0,95.0
Sierre,17663.0,923.3
Siglistorf,721.0,130.9
Signau,2664.0,120.4
Signy-Avenex,606.0,312.4
Sigriswil,4891.0,88.3
Silenen,2040.0,14.1
Sils im Domleschg,966.0,104.1
Sils im Engadin/Segl,708.0,11.1
Silvaplana,1089.0,24.3
Simplon,281.0,3.1
Sins,4468.0,220.0
Sion,36624.0,1050.6
Sirnach,8133.0,656.9
Siselen,626.0,113.6
Sisikon,401.0,24.4
Sissach,6851.0,769.8
Sisseln,1666.0,661.1
Siviriez,2566.0,126.5
Soazza,332.0,7.2
Solothurn,16855.0,2683.9
Sommeri,672.0,159.2
Sonceboz-Sombeval,1913.0,127.9
Sonvilier,1199.0,50.4
Soral,961.0,326.9
Sorengo,2139.0,2516.5
Sorens,1096.0,125.8
Sorvilier,283.0,41.0
Soubey,125.0,9.3
Soyhières,431.0,57.5
Speicher,4453.0,544.4
Spiez,13190.0,789.8
Spiringen,889.0,13.7
Spreitenbach,12512.0,1454.9
St. Gallen,78213.0,1986.1
St. Margrethen,6558.0,954.6
St. Moritz,4926.0,171.7
St. Niklaus,2268.0,25.4
St. Silvester,1014.0,144.0
St. Stephan,1315.0,21.6
St. Ursen,1441.0,91.7
Stabio,4485.0,729.3
Stadel,2357.0,182.9
Staffelbach,1344.0,150.5
Stalden (VS),1112.0,105.9
Staldenried,541.0,37.9
Stallikon,3879.0,322.7
Stammheim,2902.0,121.2
Stans,8377.0,756.0
Stansstad,4869.0,536.8
Starrkirch-Wil,1956.0,1057.3
Staufen,4306.0,1202.8
Steckborn,4046.0,461.3
Steffisburg,16467.0,1111.9
Steg-Hohtenn,1691.0,120.5
Stein (AG),3504.0,1238.2
Stein (AR),1498.0,160.0
Stein am Rhein,3548.0,613.8
Steinach,3580.0,797.3
Steinen,3762.0,317.5
Steinerberg,957.0,138.3
Steinhausen,10338.0,2051.2
Steinmaur,3714.0,395.5
Stetten (AG),2496.0,566.0
Stetten (SH),1487.0,315.0
Stettfurt,1251.0,196.4
Stettlen,3425.0,978.6
Stocken-Höfen,1017.0,71.5
Strengelbach,5104.0,846.4
Studen (BE),3510.0,1285.7
Stäfa,15067.0,1754.0
Stüsslingen,1257.0,149.8
Subingen,3285.0,523.9
Suchy,669.0,100.8
Sufers,151.0,4.4
Suhr,11340.0,1067.8
Sulgen,4063.0,445.5
Sullens,1198.0,306.4
Sumiswald,5159.0,86.9
Sumvitg,1079.0,10.6
Surpierre,1230.0,83.2
Sursee,10810.0,1854.2
Surses,2424.0,7.5
Suscévaz,217.0,52.2
Sutz-Lattrigen,1401.0,392.4
Syens,165.0,65.5
Sâles,1452.0,77.2
Sévaz,314.0,125.6
Tafers,7900.0,191.1
Tamins,1215.0,29.8
Tannay,1734.0,958.0
Tartegnin,250.0,229.4
Tavannes,3471.0,234.8
Tecknau,808.0,345.3
Tegerfelden,1290.0,181.4
Tenero-Contra,3397.0,920.6
Tenniken,934.0,200.0
Tentlingen,1358.0,376.2
Termen,1187.0,63.6
Terre di Pedemonte,2673.0,230.6
Teufen (AR),6514.0,427.1
Teufenthal (AG),1748.0,489.6
Teuffenthal (BE),164.0,36.2
Thal,7097.0,734.7
Thalheim (AG),931.0,93.9
Thalheim an der Thur,1026.0,159.3
Thalwil,18561.0,3374.7
Thayngen,5770.0,289.7
Therwil,10068.0,1314.4
Thierachern,2504.0,332.5
Thun,43905.0,2035.5
Thundorf,1678.0,107.4
Thunstetten,3496.0,361.9
Thurnen,2057.0,345.7
Thusis,3459.0,206.3
Thônex,16690.0,4369.1
Thörigen,1191.0,261.8
Thürnen,1453.0,642.9
Titterten,433.0,116.7
Tobel-Tägerschen,1639.0,230.5
Toffen,2610.0,534.8
Tolochenaz,1928.0,1212.6
Torny,1082.0,106.3
Torricella-Taverne,3089.0,588.4
Trachselwald,912.0,57.1
Tramelan,4648.0,187.2
Trasadingen,626.0,151.2
Treiten,429.0,90.5
Tresa,3129.0,283.4
Trey,314.0,82.8
Treycovagnes,522.0,251.0
Treytorrens (Payerne),109.0,35.5
Treyvaux,1596.0,140.0
Triengen,4811.0,217.8
Trient,160.0,4.0
Trimbach,6667.0,877.2
Trimmis,3363.0,78.4
Trin,1525.0,32.3
Trogen,1862.0,185.6
Troinex,2858.0,833.2
Troistorrents,5008.0,135.5
Trub,1272.0,20.5
Trubschachen,1510.0,96.5
Trun,1154.0,22.2
Truttikon,470.0,106.6
Trélex,1449.0,251.1
Trüllikon,1095.0,114.5
Tschappina,140.0,5.7
Tschiertschen-Praden,293.0,10.6
Tschugg,492.0,149.5
Tuggen,3425.0,253.5
Tujetsch,1171.0,8.7
Turbenthal,5180.0,205.4
Turgi,3157.0,2036.8
Turtmann-Unterems,1191.0,28.1
Twann-Tüscherz,1184.0,96.0
Tägerig,1544.0,469.3
Tägerwilen,5341.0,462.0
Täsch,1366.0,23.3
Täuffelen,3059.0,700.0
Tévenon,865.0,60.6
Törbel,494.0,28.2
Tübach,1594.0,801.0
Udligenswil,2480.0,398.7
Ueberstorf,2400.0,149.0
Uebeschi,731.0,165.4
Uerkheim,1433.0,202.1
Uesslingen-Buch,1131.0,80.6
Uetendorf,6001.0,590.1
Uetikon am See,6361.0,1838.4
Uezwil,549.0,225.0
Ufhusen,936.0,76.7
Uitikon,5510.0,1258.0
Ulmiz,425.0,149.6
Unterbäch,483.0,21.9
Untereggen,1027.0,144.0
Unterengstringen,4308.0,1289.8
Unterentfelden,4579.0,1589.9
Unteriberg,2462.0,53.0
Unterkulm,3600.0,405.4
Unterlangenegg,1080.0,158.8
Unterlunkhofen,1629.0,362.8
Unterramsern,220.0,139.2
Unterschächen,725.0,9.0
Unterseen,5738.0,410.2
Untersiggenthal,7615.0,919.7
Untervaz,2675.0,96.5
Unterägeri,9283.0,362.5
Urdorf,10424.0,1375.2
Urmein,163.0,37.6
Urnäsch,2346.0,48.7
Ursenbach,888.0,96.8
Ursins,234.0,69.6
Ursy,3493.0,234.0
Urtenen-Schönbühl,6524.0,907.4
Uster,36352.0,1276.0
Uttigen,2179.0,571.9
Uttwil,1911.0,438.3
Utzenstorf,4514.0,266.5
Uznach,7014.0,930.2
Uzwil,14279.0,985.4
Vacallo,3463.0,2124.5
Val Mara,3001.0,269.1
Val Müstair,1422.0,7.2
Val Terbi,3269.0,70.0
Val de Bagnes,10814.0,35.8
Val-d'Illiez,2129.0,54.2
Val-de-Charmey,2672.0,23.8
Val-de-Ruz,17499.0,140.8
Val-de-Travers,10649.0,85.4
Valbirse,3973.0,212.7
Valbroye,3405.0,101.5
Valeyres-sous-Montagny,703.0,308.3
Valeyres-sous-Rances,583.0,92.0
Valeyres-sous-Ursins,237.0,82.6
Vallon,520.0,148.1
Vallorbe,4097.0,176.7
Vals,949.0,5.4
Valsot,811.0,5.1
Vandoeuvres,2958.0,669.2
Varen,691.0,53.9
Vaulion,486.0,37.0
Vaulruz,1128.0,111.7
Vaux-sur-Morges,182.0,86.7
Vaz/Obervaz,2742.0,64.5
Vechigen,5810.0,234.1
Veltheim (AG),1563.0,298.3
Vendlincourt,547.0,59.8
Vernate,631.0,417.9
Vernayaz,1864.0,333.5
Vernier,37460.0,4871.3
Versoix,13846.0,1318.7
Verzasca,786.0,3.6
Vevey,20139.0,8391.3
Vex,1929.0,147.8
Veyrier,11917.0,1833.4
Veysonnaz,621.0,544.7
Veytaux,1003.0,148.2
Vezia,2045.0,1471.2
Vich,1177.0,759.4
Vico Morcote,407.0,206.6
Villars-Epeney,100.0,116.3
Villars-Sainte-Croix,977.0,592.1
Villars-le-Comte,135.0,32.2
Villars-le-Terroir,1297.0,182.9
Villars-sous-Yens,609.0,200.3
Villars-sur-Glâne,12444.0,2270.8
Villarsel-sur-Marly,74.0,53.2
Villarzel,525.0,68.5
Villaz,2347.0,152.1
Villeneuve (VD),6052.0,189.2
Villeret,929.0,57.2
Villigen,2139.0,190.8
Villmergen,8132.0,681.1
Villnachern,1677.0,291.7
Villorsonnens,1526.0,98.6
Vilters-Wangs,5057.0,154.6
Vinelz,907.0,198.9
Vinzel,380.0,345.5
Vionnaz,2934.0,140.0
Visp,8483.0,642.7
Visperterminen,1324.0,25.6
Vitznau,1430.0,160.3
Volken,384.0,120.0
Volketswil,19723.0,1404.8
Vordemwald,2013.0,198.5
Vorderthal,1002.0,35.8
Vouvry,4621.0,137.9
Vuadens,2556.0,244.6
Vuarrens,1102.0,122.9
Vucherens,635.0,193.6
Vufflens-la-Ville,1335.0,248.1
Vufflens-le-Château,882.0,412.1
Vugelles-La Mothe,151.0,49.2
Vuisternens-devant-Romont,2352.0,97.9
Vuiteboeuf,585.0,115.6
Vulliens,646.0,97.4
Vullierens,571.0,83.5
Vully-les-Lacs,3609.0,172.5
Vérossaz,893.0,62.5
Vétroz,6604.0,633.2
Wachseldorn,229.0,65.2
Wagenhausen,1839.0,155.6
Wahlen,1585.0,293.0
Walchwil,4005.0,295.6
Wald (AR),909.0,133.1
Wald (BE),1195.0,89.8
Wald (ZH),10562.0,418.0
Waldenburg,1108.0,133.2
Waldkirch,3544.0,113.1
Waldstatt,1874.0,277.6
Walenstadt,5852.0,128.1
Walkringen,1819.0,105.7
Wallbach,2081.0,457.4
Wallisellen,17625.0,2745.3
Walliswil bei Niederbipp,225.0,153.1
Walliswil bei Wangen,611.0,199.0
Walperswil,1039.0,149.3
Waltenschwil,3159.0,695.8
Walterswil (BE),540.0,68.6
Walterswil (SO),749.0,167.2
Walzenhausen,2029.0,289.9
Wangen (SZ),5496.0,649.6
Wangen an der Aare,2494.0,477.8
Wangen bei Olten,5539.0,795.8
Wangen-Brüttisellen,8212.0,1036.9
Wangenried,399.0,137.1
Wartau,5496.0,131.6
Warth-Weiningen,1449.0,176.5
Wassen,428.0,4.4
Wasterkingen,577.0,145.7
Wattenwil,3198.0,219.9
Wattwil,9161.0,179.0
Wauwil,2599.0,878.0
Weesen,1871.0,346.5
Wegenstetten,1023.0,143.7
Weggis,4644.0,393.9
Weiach,2123.0,221.6
Weinfelden,12233.0,790.2
Weiningen (ZH),5062.0,942.6
Weisslingen,3466.0,270.6
Welschenrohr-Gänsbrunnen,1205.0,49.3
Wengi,640.0,90.4
Wenslingen,718.0,121.3
Werthenstein,2199.0,139.2
Wettingen,21479.0,2026.3
Wettswil am Albis,5323.0,1411.9
Wetzikon (ZH),26462.0,1574.2
Wichtrach,4434.0,382.2
Widen,3876.0,1479.4
Widnau,10337.0,2449.5
Wiedlisbach,2578.0,343.7
Wiesendangen,6727.0,350.9
Wiggiswil,101.0,70.1
Wigoltingen,2650.0,154.7
Wikon,1509.0,182.2
Wil (SG),24980.0,1199.8
Wil (ZH),1577.0,176.4
Wila,2077.0,226.0
Wilchingen,1743.0,82.6
Wildberg,1028.0,97.3
Wilderswil,2764.0,209.6
Wildhaus-Alt St. Johann,2618.0,29.9
Wilen (TG),2525.0,1122.2
Wiler (Lötschen),539.0,36.2
Wiler bei Utzenstorf,1038.0,271.7
Wileroltigen,380.0,91.6
Wiliberg,166.0,141.9
Willadingen,193.0,88.9
Willisau,9149.0,193.8
Wimmis,2670.0,119.5
Windisch,8060.0,1641.5
Winkel,4929.0,607.8
Wintersingen,608.0,87.5
Winterthur,119315.0,1752.8
Winznau,2058.0,522.3
Wisen (SO),443.0,92.5
Wittenbach,10026.0,821.8
Witterswil,1467.0,549.4
Wittinsburg,448.0,140.0
Wittnau,1411.0,125.4
Wohlen (AG),17481.0,1400.7
Wohlen bei Bern,9299.0,256.0
Wohlenschwil,1867.0,425.3
Wolfenschiessen,2110.0,22.8
Wolfhalden,1867.0,269.4
Wolfwil,2401.0,349.0
Wolhusen,4561.0,319.2
Wollerau,7568.0,1199.4
Worb,11526.0,546.8
Worben,2532.0,917.4
Wuppenau,1194.0,98.5
Wynau,1708.0,336.9
Wynigen,2085.0,73.6
Wyssachen,1120.0,95.8
Wädenswil,25753.0,722.6
Wäldi,1168.0,95.7
Wängi,4956.0,301.6
Wölflinswil,1041.0,109.5
Wünnewil-Flamatt,5722.0,431.2
Würenlingen,5120.0,546.4
Würenlos,6830.0,756.4
Yens,1498.0,157.5
Yverdon-les-Bains,30202.0,2230.6
Yvonand,3536.0,263.9
Yvorne,1105.0,90.6
Zeglingen,521.0,65.9
Zeihen,1276.0,185.5
Zeiningen,2547.0,224.0
Zell (LU),2162.0,155.4
Zell (ZH),6717.0,517.9
Zeneggen,324.0,42.9
Zermatt,6023.0,24.8
Zernez,1579.0,4.6
Zetzwil,1394.0,240.3
Ziefen,1668.0,213.3
Zielebach,329.0,172.3
Zihlschlacht-Sitterdorf,2612.0,213.9
Zillis-Reischen,419.0,17.1
Zizers,3589.0,326.0
Zofingen,12796.0,1154.9
Zollikofen,11477.0,2129.3
Zollikon,13570.0,1728.7
Zuchwil,9452.0,2041.5
Zufikon,4917.0,1022.2
Zug,31995.0,1479.9
Zullwil,675.0,184.4
Zumikon,5766.0,1052.2
Zunzgen,2757.0,401.9
Zuoz,1218.0,18.5
Zurzach,8237.0,316.9
Zuzgen,897.0,106.9
Zuzwil (BE),545.0,157.1
Zuzwil (SG),5026.0,560.3
Zweisimmen,3073.0,42.1
Zwieselberg,316.0,128.5
Zwingen,2828.0,613.4
Zwischbergen,81.0,0.9
Zäziwil,1636.0,302.4
Zürich,433989.0,4935.6
