Identifikator,Bezeichnung,Ständige Wohnbevölkerung 2023,Bevölkerungsdichte (Gesamtfläche) 2023
1,Aeugst am Albis,1998,252.6
10,Obfelden,5881,780
100,Stadel,2357,182.9
1001,Doppleschwand,830,119.4
1002,Entlebuch,3387,59.5
1004,Flühli,1821,16.8
1005,Hasle (LU),1794,44.5
1007,Romoos,652,17.4
1008,Schüpfheim,4251,110.8
1009,Werthenstein,2199,139.2
101,Steinmaur,3714,395.5
1010,Escholzmatt-Marbach,4474,42
102,Weiach,2123,221.6
1021,Aesch (LU),1405,304.8
1023,Ballwil,2821,321.7
1024,Emmen,32380,1589.6
1025,Ermensee,1032,181.4
1026,Eschenbach (LU),3806,288.1
1030,Hitzkirch,6030,218.6
1031,Hochdorf,10033,1040.8
1032,Hohenrain,2452,105.6
1033,Inwil,2919,282.8
1037,Rain,3129,332.2
1039,Römerswil,1789,107.8
1040,Rothenburg,7828,505.4
1041,Schongau,1061,85.4
1051,Adligenswil,5621,804.1
1052,Buchrain,6782,1412.9
1053,Dierikon,1665,598.9
1054,Ebikon,14662,1514.7
1055,Gisikon,1503,1391.7
1056,Greppen,1201,361.7
1057,Honau,566,452.8
1058,Horw,15475,1203.3
1059,Kriens,29632,1085.4
1061,Luzern,85534,2939.3
1062,Malters,7771,272
1063,Meggen,7771,1068.9
1064,Meierskappel,1580,232.4
1065,Root,5727,662.1
1066,Schwarzenberg,1792,45.6
1067,Udligenswil,2480,398.7
1068,Vitznau,1430,160.3
1069,Weggis,4644,393.9
1081,Beromünster,6714,159.4
1082,Büron,2746,511.4
1083,Buttisholz,3504,209.7
1084,Eich,1669,281
1085,Geuensee,2900,448.2
1086,Grosswangen,3450,175.1
1088,Hildisrieden,2468,350.6
1089,Knutwil,2460,252.6
1091,Mauensee,1532,212.2
1093,Neuenkirch,7222,283.4
1094,Nottwil,4149,401.6
1095,Oberkirch,5077,557.9
1097,Rickenbach (LU),3695,311.8
1098,Ruswil,7472,165.1
1099,Schenkon,3130,464.4
11,Ottenbach,2973,592.2
1100,Schlierbach,988,137.8
1102,Sempach,4160,466.9
1103,Sursee,10810,1854.2
1104,Triengen,4811,217.8
1107,Wolhusen,4561,319.2
111,Bäretswil,5142,231.7
112,Bubikon,7614,655.8
1121,Alberswil,728,206.2
1122,Altbüron,1032,152.9
1123,Altishofen,2018,140.8
1125,Dagmersellen,5878,246.3
1127,Egolzwil,1661,397.4
1128,Ettiswil,2878,228.8
1129,Fischbach,731,90.8
113,Dürnten,7877,770.7
1131,Grossdietwil,904,88.6
1132,Hergiswil bei Willisau,1928,61.5
1135,Luthern,1265,33.5
1136,Menznau,3113,102.6
1137,Nebikon,2817,755.2
1139,Pfaffnau,2784,157.5
114,Fischenthal,2625,86.8
1140,Reiden,7492,277.2
1142,Roggliswil,789,127.1
1143,Schötz,4924,322.5
1145,Ufhusen,936,76.7
1146,Wauwil,2599,878
1147,Wikon,1509,182.2
115,Gossau (ZH),10569,578.8
1150,Zell (LU),2162,155.4
1151,Willisau,9149,193.8
116,Grüningen,3843,437.2
117,Hinwil,11832,531.1
118,Rüti (ZH),12862,1278.5
119,Seegräben,1469,389.7
12,Rifferswil,1145,175.9
120,Wald (ZH),10562,418
1201,Altdorf (UR),10198,998.8
1202,Andermatt,1588,25.5
1203,Attinghausen,1786,38.1
1205,Bürglen (UR),3853,72.6
1206,Erstfeld,3950,66.8
1207,Flüelen,2060,166.3
1208,Göschenen,452,4.3
1209,Gurtnellen,505,6.1
121,Wetzikon (ZH),26462,1574.2
1210,Hospental,176,5
1211,Isenthal,457,7.5
1212,Realp,158,2
1213,Schattdorf,5462,334.5
1214,Seedorf (UR),2065,107.1
1215,Seelisberg,738,55.5
1216,Silenen,2040,14.1
1217,Sisikon,401,24.4
1218,Spiringen,889,13.7
1219,Unterschächen,725,9
1220,Wassen,428,4.4
13,Stallikon,3879,322.7
1301,Einsiedeln,16464,166.4
131,Adliswil,19707,2536.3
1311,Gersau,2414,168.1
1321,Feusisberg,5613,320.7
1322,Freienbach,16943,1228.6
1323,Wollerau,7568,1199.4
1331,Küssnacht (SZ),14044,477.8
1341,Altendorf,7369,361
1342,Galgenen,5431,409.3
1343,Innerthal,184,3.7
1344,Lachen,9458,3908.3
1345,Reichenburg,4113,356.1
1346,Schübelbach,9623,331.7
1347,Tuggen,3425,253.5
1348,Vorderthal,1002,35.8
1349,Wangen (SZ),5496,649.6
135,Kilchberg (ZH),9438,3658.1
136,Langnau am Albis,8157,940.8
1361,Alpthal,637,27.8
1362,Arth,12476,296.8
1363,Illgau,821,74.9
1364,Ingenbohl,9346,697.5
1365,Lauerz,1130,123.1
1366,Morschach,1253,60.2
1367,Muotathal,3589,20.8
1368,Oberiberg,896,27
1369,Riemenstalden,84,7.5
137,Oberrieden,5393,1933
1370,Rothenthurm,2596,114.1
1371,Sattel,2066,118.8
1372,Schwyz,16181,304.3
1373,Steinen,3762,317.5
1374,Steinerberg,957,138.3
1375,Unteriberg,2462,53
138,Richterswil,14209,1887
139,Rüschlikon,6275,2141.6
14,Wettswil am Albis,5323,1411.9
1401,Alpnach,6379,118.6
1402,Engelberg,4380,58.5
1403,Giswil,3944,45.9
1404,Kerns,6472,69.9
1405,Lungern,2061,44.4
1406,Sachseln,5294,98.2
1407,Sarnen,10742,146.9
141,Thalwil,18561,3374.7
1501,Beckenried,3736,154.1
1502,Buochs,5487,550.9
1503,Dallenwil,1875,121.1
1504,Emmetten,1661,66.7
1505,Ennetbürgen,5288,567.4
1506,Ennetmoos,2321,165
1507,Hergiswil (NW),6187,432.7
1508,Oberdorf (NW),3105,191.7
1509,Stans,8377,756
151,Erlenbach (ZH),5542,1917.6
1510,Stansstad,4869,536.8
1511,Wolfenschiessen,2110,22.8
152,Herrliberg,6751,750.9
153,Hombrechtikon,8999,738.8
154,Küsnacht (ZH),15162,1226.7
155,Männedorf,11666,2445.7
156,Meilen,14751,1235.4
157,Oetwil am See,5075,830.6
158,Stäfa,15067,1754
159,Uetikon am See,6361,1838.4
160,Zumikon,5766,1052.2
161,Zollikon,13570,1728.7
1630,Glarus Nord,19639,133.6
1631,Glarus Süd,9659,22.5
1632,Glarus,12758,123.1
1701,Baar,24973,1004.9
1702,Cham,17867,1007.7
1703,Hünenberg,8990,488.3
1704,Menzingen,4659,169.4
1705,Neuheim,2454,309.5
1706,Oberägeri,6543,217.8
1707,Risch,11449,770.5
1708,Steinhausen,10338,2051.2
1709,Unterägeri,9283,362.5
1710,Walchwil,4005,295.6
1711,Zug,31995,1479.9
172,Fehraltorf,6860,724.4
173,Hittnau,3912,302.1
176,Lindau,5875,490
177,Pfäffikon,12509,640.8
178,Russikon,4567,321.4
180,Weisslingen,3466,270.6
181,Wila,2077,226
182,Wildberg,1028,97.3
191,Dübendorf,31506,2313.2
192,Egg,8816,606.7
193,Fällanden,9583,1502
194,Greifensee,5394,2376.2
195,Maur,10919,739.3
196,Mönchaltorf,4237,558.2
197,Schwerzenbach,5172,1974
198,Uster,36352,1276
199,Volketswil,19723,1404.8
2,Affoltern am Albis,12859,1214.3
200,Wangen-Brüttisellen,8212,1036.9
2008,Châtillon (FR),527,411.7
2011,Cugy (FR),1989,201.3
2016,Fétigny,1189,290
2022,Gletterens,1135,443.4
2025,Lully (FR),1214,219.9
2027,Ménières,442,100.9
2029,Montagny (FR),3017,172.1
2035,Nuvilly,493,123.9
2038,Prévondavaux,97,53.3
2041,Saint-Aubin (FR),1970,249.7
2043,Sévaz,314,125.6
2044,Surpierre,1230,83.2
2045,Vallon,520,148.1
2050,Les Montets,1614,156.9
2051,Delley-Portalban,1339,194.1
2053,Belmont-Broye,6011,233
2054,Estavayer,10296,256.6
2055,Cheyres-Châbles,2468,253.4
2061,Auboranges,286,148.2
2063,Billens-Hennens,908,185.7
2066,Chapelle (Glâne),349,171.9
2067,Le Châtelard,352,47
2068,Châtonnaye,865,137.1
2072,Ecublens (FR),405,83
2079,Grangettes,212,64
2086,Massonnens,606,141.3
2087,Mézières (FR),1147,128.4
2089,Montet (Glâne),532,241.8
2096,Romont (FR),5891,541
2097,Rue,1592,142.1
2099,Siviriez,2566,126.5
2102,Ursy,3493,234
211,Altikon,756,98.2
2113,Vuisternens-devant-Romont,2352,97.9
2114,Villorsonnens,1526,98.6
2115,Torny,1082,106.3
2117,Villaz,2347,152.1
2121,Haut-Intyamon,1691,28.1
2122,Pont-en-Ogoz,2013,198.1
2123,Botterens,741,173.5
2124,Broc,2810,280.2
2125,Bulle,26749,1121.1
2128,Châtel-sur-Montsalvens,359,176.8
2129,Corbières,1042,108.2
213,Brütten,2186,331.2
2130,Crésuz,474,264.8
2131,Echarlens,841,180.9
2134,Grandvillard,858,35.3
2135,Gruyères,2301,80.9
2137,Hauteville,730,69.3
2138,Jaun,647,11.7
214,Dägerlen,1126,141.6
2140,Marsens,2115,269.4
2143,Morlon,713,270.1
2145,Le Pâquier (FR),1390,308.9
2147,Pont-la-Ville,613,140.9
2148,Riaz,2890,372.9
2149,La Roche,1859,77.3
215,Dättlikon,842,292.4
2152,Sâles,1452,77.2
2153,Sorens,1096,125.8
2155,Vaulruz,1128,111.7
216,Dinhard,1733,245.1
2160,Vuadens,2556,244.6
2162,Bas-Intyamon,1701,51
2163,Val-de-Charmey,2672,23.8
2173,Autigny,804,129.3
2174,Avry,1926,329.8
2175,Belfaux,3470,390.8
2177,Chénens,847,215
218,Ellikon an der Thur,1026,204.4
2183,Corminboeuf,2928,405
2186,Cottens (FR),1508,303.4
219,Elsau,3766,466.7
2194,Ferpicloz,251,246.1
2196,Fribourg,38660,4165.9
2197,Givisiez,3309,956.4
2198,Granges-Paccot,3936,986.5
22,Benken (ZH),853,150.7
220,Hagenbuch,1163,143.1
2200,Grolley,2120,397
2206,Marly,9069,1174.7
2208,Matran,1774,609.6
221,Hettlingen,3219,545.6
2211,Neyruz (FR),2875,519.9
2216,Pierrafortscha,150,29.6
2217,Ponthaux,806,136.4
2220,Le Mouret,3323,179
2226,Treyvaux,1596,140
2228,Villars-sur-Glâne,12444,2270.8
223,Neftenbach,5763,382.4
2230,Villarsel-sur-Marly,74,53.2
2233,Hauterive (FR),2687,224.5
2234,La Brillaz,2201,213.5
2235,La Sonnaz,1406,202
2236,Gibloux,8134,225.6
2237,Prez,2472,154.1
2238,Bois-d'Amont,2381,193.9
224,Pfungen,4131,827.9
225,Rickenbach (ZH),2821,468.6
2250,Courgevaux,1462,432.5
2254,Courtepin,5765,263
2257,Cressier (FR),1094,262.4
2258,Fräschels,440,141.5
226,Schlatt (ZH),774,86.3
2261,Greng,167,174
2262,Gurmels,4695,271.1
2265,Kerzers,5448,443.6
2266,Kleinbösingen,705,233.4
227,Seuzach,7880,1042.3
2271,Meyriez,564,1658.8
2272,Misery-Courtion,2364,208.3
2274,Muntelier,964,876.4
2275,Murten,9531,261.8
2276,Ried bei Kerzers,1223,162
2278,Ulmiz,425,149.6
228,Turbenthal,5180,205.4
2284,Mont-Vully,4452,254.3
2292,Brünisried,700,215.4
2293,Düdingen,8939,290.6
2294,Giffers,1684,322.6
2295,Bösingen,3341,233.3
2296,Heitenried,1403,153.7
2299,Plaffeien,3668,55.1
23,Berg am Irchel,600,85.6
230,Winterthur,119315,1752.8
2300,Plasselb,1059,58.3
2301,Rechthalten,1152,157.8
2303,St. Silvester,1014,144
2304,St. Ursen,1441,91.7
2305,Schmitten (FR),4300,318.8
2306,Tafers,7900,191.1
2307,Tentlingen,1358,376.2
2308,Ueberstorf,2400,149
2309,Wünnewil-Flamatt,5722,431.2
231,Zell (ZH),6717,517.9
2321,Attalens,3678,377.6
2323,Bossonnens,1609,390.5
2325,Châtel-Saint-Denis,8512,177.6
2328,Granges (Veveyse),970,217
2333,Remaufens,1285,217.4
2335,Saint-Martin (FR),1011,103.4
2336,Semsales,1575,53.6
2337,Le Flon,1203,125.7
2338,La Verrerie,1346,100.2
24,Buch am Irchel,1032,101.1
2401,Egerkingen,4300,618.7
2402,Härkingen,1767,320.7
2403,Kestenholz,1881,219
2404,Neuendorf,2404,336.7
2405,Niederbuchsiten,1301,237
2406,Oberbuchsiten,2386,254.1
2407,Oensingen,6636,548.4
2408,Wolfwil,2401,349
241,Aesch (ZH),1698,324
242,Birmensdorf (ZH),7263,636
2421,Aedermannsdorf,599,46.4
2422,Balsthal,6501,413.8
2424,Herbetswil,605,37.1
2425,Holderbank (SO),753,97
2426,Laupersdorf,1897,122.4
2427,Matzendorf,1374,121.9
2428,Mümliswil-Ramiswil,2451,69.1
243,Dietikon,28201,3019.4
2430,Welschenrohr-Gänsbrunnen,1205,49.3
244,Geroldswil,5261,2725.9
2445,Biezwil,354,85.3
245,Oberengstringen,6812,3168.4
2455,Lüterkofen-Ichertswil,904,204.1
2457,Messen,1496,125.8
246,Oetwil an der Limmat,2593,936.1
2461,Schnottwil,1150,160.4
2463,Unterramsern,220,139.2
2464,Lüsslingen-Nennigkofen,1140,146
2465,Buchegg,2926,N/A
247,Schlieren,20581,3123.1
2471,Bättwil,1191,713.2
2472,Büren (SO),1055,169.3
2473,Dornach,6862,1185.1
2474,Gempen,932,155.6
2475,Hochwald,1266,151.6
2476,Hofstetten-Flüh,3401,452.3
2477,Metzerlen-Mariastein,973,114.7
2478,Nuglar-St. Pantaleon,1546,243.8
2479,Rodersdorf,1418,265
248,Uitikon,5510,1258
2480,Seewen,1064,65.2
2481,Witterswil,1467,549.4
249,Unterengstringen,4308,1289.8
2491,Hauenstein-Ifenthal,325,60.7
2492,Kienberg,528,61.9
2493,Lostorf,4088,308.5
2495,Niedergösgen,4197,971.5
2497,Obergösgen,2457,676.9
2499,Stüsslingen,1257,149.8
25,Dachsen,1971,730
250,Urdorf,10424,1375.2
2500,Trimbach,6667,877.2
2501,Winznau,2058,522.3
2502,Wisen (SO),443,92.5
2503,Erlinsbach (SO),3691,416.1
251,Weiningen (ZH),5062,942.6
2511,Aeschi (SO),1329,242.5
2513,Biberist,9345,762.9
2514,Bolken,593,279.7
2516,Deitingen,2340,307.9
2517,Derendingen,7008,1247
2518,Etziken,1070,317.5
2519,Gerlafingen,5794,3131.9
2520,Halten,854,461.6
2523,Horriwil,911,345.1
2524,Hüniken,160,156.9
2525,Kriegstetten,1427,1251.8
2526,Lohn-Ammannsegg,2976,664.3
2527,Luterbach,3640,805.3
2528,Obergerlafingen,1262,835.8
2529,Oekingen,868,363.2
2530,Recherswil,2180,648.8
2532,Subingen,3285,523.9
2534,Zuchwil,9452,2041.5
2535,Drei Höfe,742,162.4
2541,Balm bei Günsberg,226,41.3
2542,Bellach,5453,1030.8
2543,Bettlach,4978,408.4
2544,Feldbrunnen-St. Niklaus,1027,409.2
2545,Flumenthal,1043,335.4
2546,Grenchen,18295,702.8
2547,Günsberg,1185,225.3
2548,Hubersdorf,717,531.1
2549,Kammersrohr,31,32.6
2550,Langendorf,3858,1978.5
2551,Lommiswil,1630,283
2553,Oberdorf (SO),1859,156.1
2554,Riedholz,2313,323.5
2555,Rüttenen,1541,175.7
2556,Selzach,3682,189.1
2571,Boningen,807,292.4
2572,Däniken,3041,560
2573,Dulliken,5396,893.4
2574,Eppenberg-Wöschnau,326,180.1
2575,Fulenbach,1808,403.6
2576,Gretzenbach,2800,480.3
2578,Gunzgen,1712,435.6
2579,Hägendorf,5277,378.6
2580,Kappel (SO),3511,688.4
2581,Olten,18715,1628.8
2582,Rickenbach (SO),1198,434.1
2583,Schönenwerd,5201,1401.9
2584,Starrkirch-Wil,1956,1057.3
2585,Walterswil (SO),749,167.2
2586,Wangen bei Olten,5539,795.8
26,Dorf,721,129.7
2601,Solothurn,16855,2683.9
261,Zürich,433989,4935.6
2611,Bärschwil,794,71
2612,Beinwil (SO),274,12.1
2613,Breitenbach,4304,632.9
2614,Büsserach,2431,322
2615,Erschwil,960,129.2
2616,Fehren,595,402
2617,Grindel,517,167.9
2618,Himmelried,977,162
2619,Kleinlützel,1197,73.3
2620,Meltingen,645,112
2621,Nunningen,1973,191.4
2622,Zullwil,675,184.4
27,Feuerthalen,3811,1536.7
2701,Basel,176329,7393.2
2702,Bettingen,1294,580.3
2703,Riehen,22408,2061.5
2761,Aesch (BL),10745,1452
2762,Allschwil,22110,2487.1
2763,Arlesheim,9385,1354.3
2764,Biel-Benken,3552,862.1
2765,Binningen,15664,3512.1
2766,Birsfelden,10338,4118.7
2767,Bottmingen,6995,2339.5
2768,Ettingen,5618,888.9
2769,Münchenstein,12304,1711.3
2770,Muttenz,18234,1095.1
2771,Oberwil (BL),11498,1457.3
2772,Pfeffingen,2387,488.1
2773,Reinach (BL),20258,2906.5
2774,Schönenbuch,1456,1078.5
2775,Therwil,10068,1314.4
2781,Blauen,685,96.2
2782,Brislach,1730,183.7
2783,Burg im Leimental,283,99.6
2784,Dittingen,737,109.2
2785,Duggingen,1611,274.9
2786,Grellingen,1954,593.9
2787,Laufen,5974,524
2788,Liesberg,1088,87.3
2789,Nenzlingen,467,127.6
2790,Roggenburg,255,38.2
2791,Röschenz,1894,188.1
2792,Wahlen,1585,293
2793,Zwingen,2828,613.4
28,Flaach,1488,146.3
2821,Arisdorf,1706,170.6
2822,Augst,1090,660.6
2823,Bubendorf,4509,417.5
2824,Frenkendorf,6623,1442.9
2825,Füllinsdorf,4700,1017.3
2826,Giebenach,1121,836.6
2827,Hersberg,391,235.5
2828,Lausen,5828,1046.3
2829,Liestal,15834,871
2830,Lupsingen,1509,485.2
2831,Pratteln,16566,1546.8
2832,Ramlinsburg,734,326.2
2833,Seltisberg,1318,370.2
2834,Ziefen,1668,213.3
2841,Anwil,537,135.9
2842,Böckten,848,371.9
2843,Buckten,709,354.5
2844,Buus,1112,125.6
2845,Diepflingen,794,551.4
2846,Gelterkinden,6296,643.8
2847,Häfelfingen,251,63.2
2848,Hemmiken,266,78.5
2849,Itingen,2441,779.9
2850,Känerkinden,535,361.5
2851,Kilchberg (BL),177,111.3
2852,Läufelfingen,1396,171.1
2853,Maisprach,941,185.2
2854,Nusshof,279,162.2
2855,Oltingen,519,72.3
2856,Ormalingen,2363,341
2857,Rickenbach (BL),570,196.6
2858,Rothenfluh,814,74.3
2859,Rümlingen,434,190.4
2860,Rünenberg,783,157.5
2861,Sissach,6851,769.8
2862,Tecknau,808,345.3
2863,Tenniken,934,200
2864,Thürnen,1453,642.9
2865,Wenslingen,718,121.3
2866,Wintersingen,608,87.5
2867,Wittinsburg,448,140
2868,Zeglingen,521,65.9
2869,Zunzgen,2757,401.9
2881,Arboldswil,581,167.4
2882,Bennwil,668,102.3
2883,Bretzwil,740,101
2884,Diegten,1641,170.2
2885,Eptingen,564,50.4
2886,Hölstein,2652,439.8
2887,Lampenberg,572,142.6
2888,Langenbruck,997,63.7
2889,Lauwil,319,43.7
2890,Liedertswil,156,80.4
2891,Niederdorf,1804,409.1
2892,Oberdorf (BL),2540,409
2893,Reigoldswil,1599,172.9
2894,Titterten,433,116.7
2895,Waldenburg,1108,133.2
29,Flurlingen,1514,625.6
2901,Gächlingen,1018,142.8
2903,Löhningen,1624,237.8
2904,Neunkirch,2591,144.6
291,Andelfingen,3578,210.5
2914,Büttenhardt,419,104.8
2915,Dörflingen,1059,182
2917,Lohn (SH),768,157.7
2919,Stetten (SH),1487,315
292,Stammheim,2902,121.2
2920,Thayngen,5770,289.7
293,Wädenswil,25753,722.6
2931,Bargen (SH),331,40
2932,Beringen,5203,278.5
2933,Buchberg,890,151.9
2936,Merishausen,899,51.2
2937,Neuhausen am Rheinfall,11213,1401.6
2938,Rüdlingen,799,145
2939,Schaffhausen,38666,923.9
294,Elgg,5144,210.9
295,Horgen,23709,769
2951,Beggingen,486,38.6
2952,Schleitheim,1807,83.5
2953,Siblingen,895,95
296,Illnau-Effretikon,17679,537.2
2961,Buch (SH),323,85
2962,Hemishofen,502,63.6
2963,Ramsen,1617,119.8
2964,Stein am Rhein,3548,613.8
297,Bauma,5060,171.4
2971,Hallau,2389,155.9
2972,Oberhallau,438,72.4
2973,Trasadingen,626,151.2
2974,Wilchingen,1743,82.6
298,Wiesendangen,6727,350.9
3,Bonstetten,5678,764.2
3001,Herisau,15893,630.7
3002,Hundwil,944,39.2
3003,Schönengrund,556,107.1
3004,Schwellbrunn,1557,89.4
3005,Stein (AR),1498,160
3006,Urnäsch,2346,48.7
3007,Waldstatt,1874,277.6
301,Aarberg,4648,586.1
302,Bargen (BE),1100,139.9
3021,Bühler,1954,348.9
3022,Gais,3147,148.4
3023,Speicher,4453,544.4
3024,Teufen (AR),6514,427.1
3025,Trogen,1862,185.6
303,Grossaffoltern,3077,204
3031,Grub (AR),971,230.6
3032,Heiden,4316,577
3033,Lutzenberg,1332,592
3034,Rehetobel,1773,263.8
3035,Reute (AR),700,140.3
3036,Wald (AR),909,133.1
3037,Walzenhausen,2029,289.9
3038,Wolfhalden,1867,269.4
304,Kallnach,2239,124.5
305,Kappelen,1404,128
306,Lyss,16406,1106.3
307,Meikirch,2580,252.2
309,Radelfingen,1282,87.2
31,Henggart,2325,767.3
310,Rapperswil (BE),2712,120.1
3101,Appenzell,6009,356
3102,Gonten,1464,59.2
3104,Schlatt-Haslen,1121,62.5
311,Schüpfen,3766,189.8
3111,Oberegg,1931,132.2
3112,Schwende-Rüte,6060,61.6
312,Seedorf (BE),3183,152.5
3201,Häggenschwil,1431,157.8
3202,Muolen,1257,121.7
3203,St. Gallen,78213,1986.1
3204,Wittenbach,10026,821.8
321,Aarwangen,4772,482
3211,Berg (SG),1012,269.1
3212,Eggersriet,2475,278.1
3213,Goldach,9709,2061.4
3214,Mörschwil,3662,372.2
3215,Rorschach,9955,5592.7
3216,Rorschacherberg,7685,1083.9
3217,Steinach,3580,797.3
3218,Tübach,1594,801
3219,Untereggen,1027,144
322,Auswil,459,99.4
323,Bannwil,672,140.6
3231,Au (SG),8481,1823.9
3232,Balgach,5139,788.2
3233,Berneck,3989,709.8
3234,Diepoldsau,6928,615.8
3235,Rheineck,3516,1591
3236,St. Margrethen,6558,954.6
3237,Thal,7097,734.7
3238,Widnau,10337,2449.5
324,Bleienbach,762,133.9
325,Busswil bei Melchnau,172,60.1
3251,Altstätten,12456,315.7
3252,Eichberg,1571,288.8
3253,Marbach (SG),2118,483.6
3254,Oberriet (SG),9291,268.5
3255,Rebstein,5051,1150.6
3256,Rüthi (SG),2542,272.5
326,Gondiswil,718,76.3
3271,Buchs (SG),13931,873.4
3272,Gams,3711,166.6
3273,Grabs,7402,135.4
3274,Sennwald,6269,150.8
3275,Sevelen,5392,177.8
3276,Wartau,5496,131.6
329,Langenthal,16077,760.9
3291,Bad Ragaz,6835,269.1
3292,Flums,5347,71.2
3293,Mels,9538,68.6
3294,Pfäfers,1601,12.5
3295,Quarten,3085,50
3296,Sargans,6522,689.4
3297,Vilters-Wangs,5057,154.6
3298,Walenstadt,5852,128.1
33,Kleinandelfingen,2203,214.1
331,Lotzwil,2705,434.9
3311,Amden,1906,44.3
3312,Benken (SG),3035,184.1
3313,Kaltbrunn,5084,272.7
3315,Schänis,4154,104.1
3316,Weesen,1871,346.5
332,Madiswil,3369,145.4
333,Melchnau,1542,150
3338,Schmerikon,4162,1005.3
3339,Uznach,7014,930.2
3340,Rapperswil-Jona,28640,1287.2
3341,Gommiswald,5657,168.4
3342,Eschenbach (SG),10169,185.3
335,Oeschenbach,222,56.6
3352,Ebnat-Kappel,5092,116.9
3359,Wildhaus-Alt St. Johann,2618,29.9
336,Reisiswil,173,86.1
3360,Nesslau,3833,41.3
337,Roggwil (BE),4326,551.8
3374,Lichtensteig,2079,737.2
3379,Wattwil,9161,179
338,Rohrbach,1568,384.3
339,Rohrbachgraben,375,58
3392,Kirchberg (SG),9755,229.3
3393,Lütisburg,1645,116.7
3394,Mosnang,2969,58.8
3395,Bütschwil-Ganterschwil,5202,238.3
3396,Neckertal,6437,78.7
34,Laufen-Uhwiesen,1813,288.7
340,Rütschelen,574,144.2
3401,Degersheim,4132,285.4
3402,Flawil,10631,926.9
3405,Jonschwil,4023,366.1
3407,Oberuzwil,6674,474
3408,Uzwil,14279,985.4
341,Schwarzhäusern,531,140.1
342,Thunstetten,3496,361.9
3422,Niederbüren,1497,94.5
3423,Niederhelfenschwil,3256,198.9
3424,Oberbüren,4660,262.8
3426,Zuzwil (SG),5026,560.3
3427,Wil (SG),24980,1199.8
344,Ursenbach,888,96.8
3441,Andwil (SG),2128,337.2
3442,Gaiserwald,8609,681.6
3443,Gossau (SG),18454,670.8
3444,Waldkirch,3544,113.1
345,Wynau,1708,336.9
35,Marthalen,1953,138.2
3506,Vaz/Obervaz,2742,64.5
351,Bern,136988,2653.8
3513,Lantsch/Lenz,528,24.2
3514,Schmitten (GR),209,18.4
352,Bolligen,6331,382.1
353,Bremgarten bei Bern,4414,2323.2
354,Kirchlindach,3293,275.3
3542,Albula/Alvra,1313,14
3543,Surses,2424,7.5
3544,Bergün Filisur,901,4.7
355,Köniz,42958,842.1
3551,Brusio,1105,23.9
356,Muri bei Bern,13530,1773.3
3561,Poschiavo,3525,18.5
357,Oberbalm,870,70.2
3572,Falera,627,28
3575,Laax,2112,66.6
358,Stettlen,3425,978.6
3581,Sagogn,766,110.7
3582,Schluein,612,127.8
359,Vechigen,5810,234.1
360,Wohlen bei Bern,9299,256
3603,Vals,949,5.4
361,Zollikofen,11477,2129.3
3618,Lumnezia,2072,12.5
3619,Ilanz/Glion,5030,37.7
362,Ittigen,11628,2768.6
363,Ostermundigen,18195,3052.9
3633,Fürstenau,349,264.4
3637,Rothenbrunnen,312,100.3
3638,Scharans,838,58.6
3640,Sils im Domleschg,966,104.1
3661,Cazis,2416,77.5
3662,Flerden,254,41.7
3663,Masein,532,126.7
3668,Thusis,3459,206.3
3669,Tschappina,140,5.7
3670,Urmein,163,37.6
3672,Safiental,963,6.4
3673,Domleschg,2219,48.3
3681,Avers,168,1.8
3695,Sufers,151,4.4
37,Ossingen,1703,130.1
3701,Andeer,926,20
371,Biel/Bienne,55932,2639.5
3711,Rongellen,61,30.2
3712,Zillis-Reischen,419,17.1
3713,Ferrera,82,1.1
3714,Rheinwald,576,4.2
3715,Muntogna da Schons,371,6.9
372,Evilard,2684,725.4
3721,Bonaduz,3533,245.3
3722,Domat/Ems,8286,342.1
3723,Rhäzüns,1633,122.1
3731,Felsberg,2833,211.4
3732,Flims,2939,58.2
3733,Tamins,1215,29.8
3734,Trin,1525,32.3
3746,Zernez,1579,4.6
3752,Samnaun,755,13.4
3762,Scuol,4572,10.4
3764,Valsot,811,5.1
3781,Bever,607,13.3
3782,Celerina/Schlarigna,1411,58.7
3783,Madulain,197,12.1
3784,Pontresina,2077,17.6
3785,La Punt Chamues-ch,732,11.6
3786,Samedan,2913,25.6
3787,St. Moritz,4926,171.7
3788,S-chanf,706,5.1
3789,Sils im Engadin/Segl,708,11.1
3790,Silvaplana,1089,24.3
3791,Zuoz,1218,18.5
3792,Bregaglia,1578,6.3
38,Rheinau,1290,144.1
3804,Buseno,91,8.2
3805,Castaneda,262,66.2
3808,Rossa,161,2.7
381,Arch,1714,268.7
3810,Santa Maria in Calanca,119,12.8
382,Büetigen,933,258.4
3821,Lostallo,850,16.7
3822,Mesocco,1420,8.6
3823,Soazza,332,7.2
383,Büren an der Aare,3758,298.3
3831,Cama,691,46.1
3832,Grono,1556,41.9
3834,Roveredo (GR),2625,67.7
3835,San Vittore,912,41.3
3837,Calanca,211,5.6
3847,Val Müstair,1422,7.2
385,Diessbach bei Büren,1046,165.2
3851,Davos,10800,38
386,Dotzigen,1573,371.9
3861,Fideris,618,24.4
3862,Furna,203,6.1
3863,Jenaz,1145,44.2
387,Lengnau (BE),5708,770.3
3871,Klosters,4473,20.4
388,Leuzigen,1353,131.6
3881,Conters im Prättigau,228,12.4
3882,Küblis,920,113
389,Meienried,57,87.7
3891,Luzein,1625,19.4
39,Thalheim an der Thur,1026,159.3
390,Meinisberg,1443,328.7
3901,Chur,38949,718.1
391,Oberwil bei Büren,912,135.3
3911,Churwalden,2147,44.2
392,Pieterlen,5168,618.9
3921,Arosa,3143,20.3
393,Rüti bei Büren,879,135.2
3932,Tschiertschen-Praden,293,10.6
394,Wengi,640,90.4
3945,Trimmis,3363,78.4
3946,Untervaz,2675,96.5
3947,Zizers,3589,326
3951,Fläsch,868,43.5
3952,Jenins,948,89.9
3953,Maienfeld,3193,98.8
3954,Malans,2527,221.7
3955,Landquart,9191,487.3
3961,Grüsch,2161,49.9
3962,Schiers,2951,47.9
3972,Seewis im Prättigau,1430,28.8
3981,Breil/Brigels,1713,17.7
3982,Disentis/Mustér,2080,22.9
3983,Medel (Lucmagn),328,2.4
3985,Sumvitg,1079,10.6
3986,Tujetsch,1171,8.7
3987,Trun,1154,22.2
3988,Obersaxen Mundaun,1148,16.3
4,Hausen am Albis,3974,292.2
40,Trüllikon,1095,114.5
4001,Aarau,22290,1806.3
4002,Biberstein,1644,401
4003,Buchs (AG),8429,1584.4
4004,Densbüren,771,61.6
4005,Erlinsbach (AG),4563,462.8
4006,Gränichen,8625,500.6
4007,Hirschthal,1756,497.5
4008,Küttigen,6857,576.2
4009,Muhen,4112,584.9
401,Aefligen,1127,552.5
4010,Oberentfelden,8907,1244
4012,Suhr,11340,1067.8
4013,Unterentfelden,4579,1589.9
402,Alchenstorf,638,97.1
4021,Baden,23587,N/A
4022,Bellikon,1592,322.3
4023,Bergdietikon,2946,496
4024,Birmenstorf (AG),3040,389.7
4026,Ennetbaden,3672,1740.3
4027,Fislisbach,6090,1205.9
4028,Freienwil,1116,279.7
4029,Gebenstorf,5761,1019.6
403,Bäriswil,1112,407.3
4030,Killwangen,2242,922.6
4031,Künten,1917,392
4032,Mägenwil,2215,636.5
4033,Mellingen,6170,1266.9
4034,Neuenhof,9087,1689
4035,Niederrohrdorf,4648,1395.8
4037,Oberrohrdorf,4255,989.5
4038,Obersiggenthal,8881,1062.3
4039,Remetschwil,2113,544.6
404,Burgdorf,17119,1100.2
4040,Spreitenbach,12512,1454.9
4041,Stetten (AG),2496,566
4044,Untersiggenthal,7615,919.7
4045,Wettingen,21479,2026.3
4046,Wohlenschwil,1867,425.3
4047,Würenlingen,5120,546.4
4048,Würenlos,6830,756.4
4049,Ehrendingen,4906,673
405,Ersigen,2043,132.1
406,Hasle bei Burgdorf,3397,155.2
4061,Arni (AG),1898,563.2
4062,Berikon,4934,917.1
4063,Bremgarten (AG),8834,777.6
4064,Büttikon,1144,405.7
4065,Dottikon,4160,1072.2
4066,Eggenwil,1031,419.1
4067,Fischbach-Göslikon,1706,555.7
4068,Hägglingen,2529,326.3
407,Heimiswil,1631,69.8
4071,Jonen,2351,412.5
4072,Niederwil (AG),3042,494.6
4073,Oberlunkhofen,2193,674.8
4074,Oberwil-Lieli,2605,486.9
4075,Rudolfstetten-Friedlisberg,4599,938.6
4076,Sarmenstorf,3118,375.7
4077,Tägerig,1544,469.3
4078,Uezwil,549,225
4079,Unterlunkhofen,1629,362.8
408,Hellsau,209,141.2
4080,Villmergen,8132,681.1
4081,Widen,3876,1479.4
4082,Wohlen (AG),17481,1400.7
4083,Zufikon,4917,1022.2
4084,Islisberg,690,415.7
409,Hindelbank,2791,288
4091,Auenstein,1728,304.2
4092,Birr,4718,934.3
4093,Birrhard,921,307
4095,Brugg,13288,1608.7
4099,Habsburg,435,195.1
41,Truttikon,470,106.6
410,Höchstetten,263,99.6
4100,Hausen (AG),3796,1186.2
4104,Lupfig,3359,397.5
4105,Mandach,346,62.5
4106,Mönthal,405,102.8
4107,Mülligen,1078,341.1
411,Kernenried,543,163.1
4110,Remigen,1385,176
4111,Riniken,1555,326.7
4112,Rüfenach,874,209.6
4117,Thalheim (AG),931,93.9
412,Kirchberg (BE),5889,650.7
4120,Veltheim (AG),1563,298.3
4121,Villigen,2139,190.8
4122,Villnachern,1677,291.7
4123,Windisch,8060,1641.5
4124,Bözberg,1670,107.7
4125,Schinznach,2430,198.5
413,Koppigen,2265,326.8
4131,Beinwil am See,3601,942.7
4132,Birrwil,1389,407.3
4134,Dürrenäsch,1373,232.3
4135,Gontenschwil,2182,224
4136,Holziken,1742,609.1
4137,Leimbach (AG),533,463.5
4138,Leutwil,752,200.5
4139,Menziken,8400,1147.5
414,Krauchthal,2380,122.4
4140,Oberkulm,2999,318.7
4141,Reinach (AG),9499,1003.1
4142,Schlossrued,873,120.4
4143,Schmiedrued,1152,133.2
4144,Schöftland,4555,725.3
4145,Teufenthal (AG),1748,489.6
4146,Unterkulm,3600,405.4
4147,Zetzwil,1394,240.3
415,Lyssach,1475,243.8
4161,Eiken,2447,345.6
4163,Frick,5741,576.4
4164,Gansingen,1097,125.1
4165,Gipf-Oberfrick,3878,381.3
4169,Kaisten,2948,163
4170,Laufenburg,3800,262.6
4172,Münchwilen (AG),1070,435
4173,Oberhof,580,70.7
4175,Oeschgen,1176,268.5
4176,Schwaderloch,723,261
4177,Sisseln,1666,661.1
418,Oberburg,2926,206.9
4181,Wittnau,1411,125.4
4182,Wölflinswil,1041,109.5
4183,Zeihen,1276,185.5
4184,Mettauertal,2158,100
4185,Böztal,2896,129.9
4186,Herznach-Ueken,2634,231.7
4191,Ammerswil,795,249.2
4192,Boniswil,1751,726.6
4193,Brunegg,907,585.2
4194,Dintikon,2432,653.8
4195,Egliswil,1544,245.5
4196,Fahrwangen,2497,622.7
4197,Hallwil,1021,468.3
4198,Hendschiken,1351,383.8
4199,Holderbank (AG),1489,639.1
420,Rüdtligen-Alchenflüh,2451,901.1
4200,Hunzenschwil,4415,1354.3
4201,Lenzburg,11184,988.9
4202,Meisterschwanden,3267,768.7
4203,Möriken-Wildegg,4888,739.5
4204,Niederlenz,4896,1479.2
4205,Othmarsingen,3155,668.4
4206,Rupperswil,6041,971.2
4207,Schafisheim,3137,495.6
4208,Seengen,4411,455.2
4209,Seon,5571,579.1
421,Rumendingen,83,34
4210,Staufen,4306,1202.8
422,Rüti bei Lyssach,163,126.4
4221,Abtwil,1063,256.8
4222,Aristau,1646,190.5
4223,Auw,2290,267.5
4224,Beinwil (Freiamt),1279,113.1
4226,Besenbüren,639,268.5
4227,Bettwil,695,163.5
4228,Boswil,3124,265.2
4229,Bünzen,1233,213.3
423,Willadingen,193,88.9
4230,Buttwil,1276,279.2
4231,Dietwil,1445,263.2
4232,Geltwil,232,70.7
4233,Kallern,407,151.9
4234,Merenschwand,3794,280.8
4235,Mühlau,1336,242
4236,Muri (AG),8602,697.1
4237,Oberrüti,1600,297.4
4238,Rottenschwil,946,210.7
4239,Sins,4468,220
424,Wynigen,2085,73.6
4240,Waltenschwil,3159,695.8
4251,Hellikon,839,119.2
4252,Kaiseraugst,5544,1131.4
4253,Magden,3899,353.8
4254,Möhlin,11349,603.7
4255,Mumpf,1549,493.3
4256,Obermumpf,1072,213.5
4257,Olsberg,367,79.6
4258,Rheinfelden,13854,864.8
4259,Schupfart,883,125.2
4260,Stein (AG),3504,1238.2
4261,Wallbach,2081,457.4
4262,Wegenstetten,1023,143.7
4263,Zeiningen,2547,224
4264,Zuzgen,897,106.9
4271,Aarburg,8891,2016.1
4273,Bottenwil,868,170.2
4274,Brittnau,4257,311.4
4275,Kirchleerau,935,214.4
4276,Kölliken,5035,566.4
4277,Moosleerau,957,251.2
4279,Murgenthal,3101,166.5
4280,Oftringen,15080,1173.5
4281,Reitnau,1627,202.9
4282,Rothrist,9866,832.6
4283,Safenwil,4564,761.9
4284,Staffelbach,1344,150.5
4285,Strengelbach,5104,846.4
4286,Uerkheim,1433,202.1
4287,Vordemwald,2013,198.5
4288,Wiliberg,166,141.9
4289,Zofingen,12796,1154.9
43,Volken,384,120
4303,Böttstein,4305,579.4
4304,Döttingen,4473,645.5
4305,Endingen,2703,227
4306,Fisibach,590,102.3
4307,Full-Reuenthal,994,207.9
4309,Klingnau,3673,547.4
431,Corgémont,1842,104.2
4310,Koblenz,1759,431.1
4311,Leibstadt,1596,249.4
4312,Lengnau (AG),2929,231.2
4313,Leuggern,2404,174.7
4314,Mellikon,237,87.8
4318,Schneisingen,1562,189.1
4319,Siglistorf,721,130.9
432,Cormoret,512,38
4320,Tegerfelden,1290,181.4
4324,Zurzach,8237,316.9
433,Cortébert,666,45.2
434,Courtelary,1435,64.6
435,La Ferrière,532,37.6
437,Mont-Tramelan,114,24.6
438,Orvin,1264,58.5
4401,Arbon,15853,2637.8
4406,Dozwil,730,561.5
441,Renan (BE),937,74.2
4411,Egnach,5031,273
4416,Hefenhofen,1299,213.7
442,Romont (BE),234,33.3
4421,Horn,3130,1819.8
4426,Kesswil,999,224
443,Saint-Imier,5088,243.8
4431,Roggwil (TG),3397,282.4
4436,Romanshorn,11728,1343.4
444,Sonceboz-Sombeval,1913,127.9
4441,Salmsach,1600,590.4
4446,Sommeri,672,159.2
445,Sonvilier,1199,50.4
4451,Uttwil,1911,438.3
446,Tramelan,4648,187.2
4461,Amriswil,14643,769.9
4471,Bischofszell,6298,543.9
4476,Erlen,3939,323.1
448,Villeret,929,57.2
4486,Hauptwil-Gottshaus,2084,166.9
449,Sauge,811,60.3
4495,Hohentannen,664,82.9
450,Péry-La Heutte,1957,82.3
4501,Kradolf-Schönenberg,3899,356.1
4506,Sulgen,4063,445.5
4511,Zihlschlacht-Sitterdorf,2612,213.9
4536,Basadingen-Schlattingen,1856,118.7
4545,Diessenhofen,4132,409.9
4546,Schlatt (TG),1887,121.4
4551,Aadorf,9485,475.7
4561,Felben-Wellhausen,3195,432.9
4566,Frauenfeld,26747,978
4571,Gachnang,4609,473.2
4590,Hüttlingen,884,76.2
4591,Matzingen,3111,405.1
4601,Neunforn,1120,98.6
4606,Stettfurt,1251,196.4
4611,Thundorf,1678,107.4
4616,Uesslingen-Buch,1131,80.6
4621,Warth-Weiningen,1449,176.5
4641,Altnau,2356,350.1
4643,Bottighofen,2688,1115.4
4646,Ermatingen,3769,360.3
4651,Gottlieben,340,1096.8
4656,Güttingen,1738,182.2
4666,Kemmental,2800,111.8
4671,Kreuzlingen,23241,2021
4681,Langrickenbach,1476,136.3
4683,Lengwil,1786,200.9
4691,Münsterlingen,3600,659.3
4696,Tägerwilen,5341,462
4701,Wäldi,1168,95.7
4711,Affeltrangen,2837,196.6
4716,Bettwiesen,1324,343.9
4721,Bichelsee-Balterswil,3044,248.3
4723,Braunau,861,93.9
4724,Eschlikon,4901,787.9
4726,Fischingen,2977,97.4
4741,Lommis,1274,148
4746,Münchwilen (TG),5908,756.5
4751,Rickenbach (TG),3072,1944.3
4756,Schönholzerswilen,889,81.3
4761,Sirnach,8133,656.9
4776,Tobel-Tägerschen,1639,230.5
4781,Wängi,4956,301.6
4786,Wilen (TG),2525,1122.2
4791,Wuppenau,1194,98.5
4801,Berlingen,947,264.5
4806,Eschenz,1903,158.6
4811,Herdern,1168,85.1
4816,Homburg,1570,65.1
4821,Hüttwilen,1758,99.5
4826,Mammern,692,127
4831,Müllheim,3306,378.3
4841,Pfyn,2270,172.8
4846,Raperswilen,426,55.4
4851,Salenstein,1461,223.4
4864,Steckborn,4046,461.3
4871,Wagenhausen,1839,155.6
4881,Amlikon-Bissegg,1382,95.6
4891,Berg (TG),3573,271.9
4901,Birwinken,1398,113.8
491,Brüttelen,609,92.1
4911,Bürglen (TG),4153,354.7
492,Erlach,1389,398
4921,Bussnang,2572,136.2
493,Finsterhennen,564,158
494,Gals,838,106.9
4941,Märstetten,2949,296.1
4946,Weinfelden,12233,790.2
495,Gampelen,1013,95.6
4951,Wigoltingen,2650,154.7
496,Ins,3723,156
497,Lüscherz,572,105.5
498,Müntschemier,1624,333.5
499,Siselen,626,113.6
5,Hedingen,3963,606.9
500,Treiten,429,90.5
5001,Arbedo-Castione,5108,238.8
5002,Bellinzona,44743,272.5
5003,Cadenazzo,3111,371.2
5009,Isone,394,30.7
501,Tschugg,492,149.5
5010,Lumino,1614,159.8
5017,Sant'Antonino,2646,404
502,Vinelz,907,198.9
5048,Acquarossa,1823,29.5
5049,Blenio,1706,8.4
5050,Serravalle,2066,21.3
5061,Airolo,1464,15.5
5063,Bedretto,101,1.3
5064,Bodio,899,138.7
5071,Dalpe,181,12.4
5072,Faido,2753,20.8
5073,Giornico,795,40.7
5076,Personico,309,7.9
5077,Pollegio,854,143.3
5078,Prato (Leventina),381,22.7
5079,Quinto,943,12.5
5091,Ascona,5381,1087.1
5096,Brione sopra Minusio,442,115.7
5097,Brissago,1619,90.5
51,Bachenbülach,4316,1001.4
5108,Gordola,4814,692.7
5112,Lavertezzo,1238,1375.6
5113,Locarno,16394,877.2
5115,Losone,6766,730.7
5117,Mergoscia,203,16.7
5118,Minusio,7365,1256.8
5120,Muralto,2587,4384.7
5121,Orselina,699,360.3
5125,Ronco sopra Ascona,524,104.8
5131,Tenero-Contra,3397,920.6
5136,Onsernone,663,6.3
5138,Cugnasco-Gerra,2862,157.2
5141,Agno,4536,1821.7
5143,Aranno,350,135.1
5144,Arogno,955,112.5
5146,Astano,315,82.9
5148,Bedano,1496,800
5149,Bedigliora,617,242.9
5151,Bioggio,2791,436.1
5154,Bissone,955,516.2
5160,Brusino Arsizio,474,115
5161,Cademario,793,200.3
5162,Cadempino,1580,2078.9
5167,Canobbio,2396,1871.9
5171,Caslano,4363,1563.8
5176,Comano,2183,1059.7
5180,Cureglia,1489,1404.7
5181,Curio,594,216
5186,Grancia,455,745.9
5187,Gravesano,1365,1922.5
5189,Lamone,1766,949.5
5192,Lugano,63495,837.1
5193,Magliaso,1621,1473.6
5194,Manno,1340,565.4
5196,Massagno,6676,9021.6
5198,Melide,1783,1074.1
5199,Mezzovico-Vira,1368,122.9
52,Bassersdorf,12186,1349.5
5200,Miglieglia,301,59
5203,Morcote,707,253.4
5205,Muzzano,800,516.1
5206,Neggio,317,356.2
5207,Novaggio,835,191.1
5208,Origlio,1529,735.1
5210,Paradiso,4832,5429.2
5212,Ponte Capriasca,1926,312.2
5214,Porza,1679,1076.3
5216,Pura,1358,446.7
5221,Savosa,2245,3033.8
5225,Sorengo,2139,2516.5
5226,Capriasca,6760,185.8
5227,Torricella-Taverne,3089,588.4
5230,Vernate,631,417.9
5231,Vezia,2045,1471.2
5233,Vico Morcote,407,206.6
5236,Collina d'Oro,4893,796.9
5237,Alto Malcantone,1386,62.8
5238,Monteceneri,4683,129.8
5239,Tresa,3129,283.4
5240,Val Mara,3001,269.1
5242,Balerna,3335,1318.2
5249,Castel San Pietro,2225,187.9
5250,Chiasso,7565,1414
5251,Coldrerio,2856,1161
5254,Mendrisio,15068,474.3
5257,Morbio Inferiore,4419,1955.3
5260,Novazzano,2344,448.2
5263,Riva San Vitale,2656,439
5266,Stabio,4485,729.3
5268,Vacallo,3463,2124.5
5269,Breggia,1936,76
5281,Biasca,6136,103.8
5287,Riviera,4262,49.3
53,Bülach,24186,1503.2
5304,Bosco/Gurin,53,2.4
5307,Campo (Vallemaggia),49,1.1
5309,Cerentino,38,1.9
5310,Cevio,1109,7.3
5315,Linescio,42,6.3
5317,Maggia,2688,24.2
5323,Lavizzara,487,2.6
5324,Avegno Gordevio,1568,57.4
533,Bätterkinden,3394,333.1
535,Deisswil bei Münchenbuchsee,86,39.8
538,Fraubrunnen,5498,172.3
5396,Terre di Pedemonte,2673,230.6
5397,Centovalli,1098,20.6
5398,Gambarogno,5086,98.2
5399,Verzasca,786,3.6
54,Dietlikon,8036,1890.8
540,Jegenstorf,5852,433.8
5401,Aigle,11412,695.4
5402,Bex,8567,88.7
5403,Chessel,521,146.8
5404,Corbeyrier,464,21.1
5405,Gryon,1508,99.1
5406,Lavey-Morcles,1022,72
5407,Leysin,3715,200.1
5408,Noville,1180,113.6
5409,Ollon,8159,137
541,Iffwil,445,87.9
5410,Ormont-Dessous,1213,18.9
5411,Ormont-Dessus,1423,23.1
5412,Rennaz,931,425.1
5413,Roche (VD),1949,302.2
5414,Villeneuve (VD),6052,189.2
5415,Yvorne,1105,90.6
5422,Aubonne,3840,268
5423,Ballens,576,68.2
5424,Berolle,304,31.6
5425,Bière,1713,68.4
5426,Bougy-Villars,514,290.4
5427,Féchy,906,335.6
5428,Gimel,2470,130.8
5429,Longirod,551,58.3
543,Mattstetten,586,154.6
5430,Marchissy,510,42.6
5431,Mollens (VD),322,29.3
5434,Saint-George,1060,86
5435,Saint-Livres,698,86
5436,Saint-Oyens,451,147.4
5437,Saubraz,449,121
544,Moosseedorf,4130,647.3
5451,Avenches,4843,248.7
5456,Cudrefin,1877,121
5458,Faoug,902,259.2
546,Münchenbuchsee,10426,893.4
5464,Vully-les-Lacs,3609,172.5
5471,Bettens,644,172.2
5472,Bournens,518,132.5
5473,Boussens,1023,323.7
5474,La Chaux (Cossonay),432,64.1
5475,Chavannes-le-Veyron,157,59.5
5476,Chevilly,337,86.6
5477,Cossonay,4761,575
5479,Cuarnens,541,75.9
5480,Daillens,1062,192.4
5481,Dizy,237,78
5482,Eclépens,1182,203.8
5483,Ferreyres,319,100.9
5484,Gollion,1073,196.9
5485,Grancy,546,96.3
5486,L'Isle,1087,67
5487,Lussery-Villars,473,126.5
5488,Mauraz,64,128
5489,Mex (VD),814,287.6
5490,Moiry,296,44.4
5491,Mont-la-Ville,495,25
5492,Montricher,961,36.9
5493,Orny,500,90.1
5495,Penthalaz,3197,826.1
5496,Penthaz,1898,494.3
5497,Pompaples,927,208.8
5498,La Sarraz,2598,337.4
5499,Senarclens,490,123.4
55,Eglisau,5667,625.5
5501,Sullens,1198,306.4
5503,Vufflens-la-Ville,1335,248.1
551,Urtenen-Schönbühl,6524,907.4
5511,Assens,1703,201.3
5512,Bercher,1329,311.2
5514,Bottens,1374,199.7
5515,Bretigny-sur-Morrens,894,311.5
5516,Cugy (VD),2725,936.4
5518,Echallens,6570,986.5
552,Utzenstorf,4514,266.5
5520,Essertines-sur-Yverdon,1104,113.2
5521,Etagnières,1173,310.3
5522,Fey,762,103.8
5523,Froideville,2723,384.6
5527,Morrens (VD),1142,311.2
5529,Oulens-sous-Echallens,598,101.9
553,Wiggiswil,101,70.1
5530,Pailly,576,99.8
5531,Penthéréaz,438,77.1
5533,Poliez-Pittet,875,174.7
5534,Rueyres,302,151
5535,Saint-Barthélemy (VD),829,201.2
5537,Villars-le-Terroir,1297,182.9
5539,Vuarrens,1102,122.9
554,Wiler bei Utzenstorf,1038,271.7
5540,Montilliez,1894,159.7
5541,Goumoëns,1212,113.4
5551,Bonvillars,526,69.9
5552,Bullet,678,40.3
5553,Champagne,1070,273.7
5554,Concise,1021,89.8
5555,Corcelles-près-Concise,421,103.7
5556,Fiez,436,63.8
5557,Fontaines-sur-Grandson,199,25.3
5559,Giez,458,96.2
556,Zielebach,329,172.3
5560,Grandevent,236,68.6
5561,Grandson,3384,431.1
5562,Mauborget,134,24.3
5563,Mutrux,146,45.2
5564,Novalles,102,49.5
5565,Onnens (VD),498,96.9
5566,Provence,414,13
5568,Sainte-Croix,5068,128.4
557,Zuzwil (BE),545,157.1
5571,Tévenon,865,60.6
5581,Belmont-sur-Lausanne,3898,1470.9
5582,Cheseaux-sur-Lausanne,4841,1054.7
5583,Crissier,9334,1697.1
5584,Epalinges,9919,2170.5
5585,Jouxtens-Mézery,1493,773.6
5586,Lausanne,144160,3483.8
5587,Le Mont-sur-Lausanne,9272,946.1
5588,Paudex,1536,3134.7
5589,Prilly,12417,5644.1
5590,Pully,19287,3285.7
5591,Renens (VD),21408,7256.9
5592,Romanel-sur-Lausanne,3991,1385.8
56,Embrach,10308,812.3
5601,Chexbres,2229,1036.7
5604,Forel (Lavaux),2066,111.6
5606,Lutry,10794,1275.9
5607,Puidoux,3008,131.6
5609,Rivaz,326,1051.6
561,Adelboden,3410,38.9
5610,Saint-Saphorin (Lavaux),388,436
5611,Savigny,3449,215.4
5613,Bourg-en-Lavaux,5414,561.6
562,Aeschi bei Spiez,2356,76
5621,Aclens,578,148.2
5622,Bremblens,614,211
5623,Buchillon,687,327.1
5624,Bussigny,10624,2208.7
5627,Chavannes-près-Renens,9311,5643
5628,Chigny,422,474.2
5629,Clarmont,220,215.7
563,Frutigen,7068,97.8
5631,Denens,743,225.2
5632,Denges,1818,1095.2
5633,Echandens,2909,749.7
5634,Echichens,3183,239.9
5635,Ecublens (VD),13320,2328.7
5636,Etoy,2913,592.1
5637,Lavigny,1054,263.5
5638,Lonay,2687,722.3
5639,Lully (VD),831,405.4
564,Kandergrund,821,25.6
5640,Lussy-sur-Morges,732,312.8
5642,Morges,17720,4626.6
5643,Préverenges,5215,2788.8
5645,Romanel-sur-Morges,462,262.5
5646,Saint-Prex,5905,1065.9
5648,Saint-Sulpice (VD),5144,2765.6
5649,Tolochenaz,1928,1212.6
565,Kandersteg,1308,9.7
5650,Vaux-sur-Morges,182,86.7
5651,Villars-Sainte-Croix,977,592.1
5652,Villars-sous-Yens,609,200.3
5653,Vufflens-le-Château,882,412.1
5654,Vullierens,571,83.5
5655,Yens,1498,157.5
5656,Hautemorges,4338,131.6
566,Krattigen,1155,192.5
5661,Boulens,378,110.5
5663,Bussy-sur-Moudon,251,80.4
5665,Chavannes-sur-Moudon,238,46.2
5669,Curtilles,306,61.7
567,Reichenbach im Kandertal,3723,29.6
5671,Dompierre (VD),253,78.8
5673,Hermenches,377,79
5674,Lovatens,141,40.6
5675,Lucens,4596,238.4
5678,Moudon,6393,408.5
5680,Ogens,332,97.6
5683,Prévonloup,226,122.8
5684,Rossenges,88,81.5
5688,Syens,165,65.5
5690,Villars-le-Comte,135,32.2
5692,Vucherens,635,193.6
5693,Montanaire,2834,84.6
57,Freienstein-Teufen,2379,283.2
5701,Arnex-sur-Nyon,244,119.6
5702,Arzier-Le Muids,2974,57.3
5703,Bassins,1485,71.5
5704,Begnins,1999,417.3
5705,Bogis-Bossey,984,401.6
5706,Borex,1134,569.8
5707,Chavannes-de-Bogis,1400,489.5
5708,Chavannes-des-Bois,1018,480.2
5709,Chéserex,1276,120.6
571,Beatenberg,1227,41.9
5710,Coinsins,522,179.4
5711,Commugny,2990,457.9
5712,Coppet,3207,1715
5713,Crans (VD),2439,565.9
5714,Crassier,1277,629.1
5715,Duillier,1114,271
5716,Eysins,1739,730.7
5717,Founex,3805,794.4
5718,Genolier,2026,416.9
5719,Gingins,1266,100.8
572,Bönigen,2655,176.1
5720,Givrins,1016,256.6
5721,Gland,14018,1684.9
5722,Grens,395,154.9
5723,Mies,2200,637.7
5724,Nyon,23016,3384.7
5725,Prangins,4271,703.6
5726,La Rippe,1205,72.6
5727,Saint-Cergue,2902,119.5
5728,Signy-Avenex,606,312.4
5729,Tannay,1734,958
573,Brienz (BE),3278,68.2
5730,Trélex,1449,251.1
5731,Le Vaud,1403,451.1
5732,Vich,1177,759.4
574,Brienzwiler,509,28.9
5741,L'Abergement,268,46.3
5742,Agiez,383,70.1
5743,Arnex-sur-Orbe,663,87
5744,Ballaigues,1196,132
5745,Baulmes,1146,50.9
5746,Bavois,1037,110.9
5747,Bofflens,194,46.1
5748,Bretonnières,259,47.5
5749,Chavornay,5414,280.8
575,Därligen,416,60
5750,Les Clées,192,27.3
5752,Croy,397,88.6
5754,Juriens,351,37.5
5755,Lignerolle,462,43.4
5756,Montcherand,494,160.9
5757,Orbe,7842,650.8
5758,La Praz,206,40.2
5759,Premier,233,38.1
576,Grindelwald,3825,22.3
5760,Rances,525,53.4
5761,Romainmôtier-Envy,574,82.2
5762,Sergey,137,93.8
5763,Valeyres-sous-Rances,583,92
5764,Vallorbe,4097,176.7
5765,Vaulion,486,37
5766,Vuiteboeuf,585,115.6
577,Gsteigwiler,434,61.7
578,Gündlischwand,346,20.7
5785,Corcelles-le-Jorat,500,63
579,Habkern,617,12.1
5790,Maracon,567,129.5
5792,Montpreveyres,639,155.1
5798,Ropraz,532,110.6
5799,Servion,2174,344
58,Glattfelden,5406,439.9
580,Hofstetten bei Brienz,542,61.8
5803,Vulliens,646,97.4
5804,Jorat-Menthue,1556,88.2
5805,Oron,6173,234.9
5806,Jorat-Mézières,3177,286.7
581,Interlaken,6000,1405.2
5812,Champtauroz,188,61.6
5813,Chevroux,525,154.4
5816,Corcelles-près-Payerne,2917,240.9
5817,Grandcour,1004,98.4
5819,Henniez,450,172.4
582,Iseltwald,401,18.3
5821,Missy,373,119.9
5822,Payerne,10545,436.1
5827,Trey,314,82.8
5828,Treytorrens (Payerne),109,35.5
5830,Villarzel,525,68.5
5831,Valbroye,3405,101.5
584,Lauterbrunnen,2315,14.1
5841,Château-d'Oex,3624,31.9
5842,Rossinière,528,22.6
5843,Rougemont,798,16.4
585,Leissigen,1222,117.7
5851,Allaman,431,165.8
5852,Bursinel,525,294.9
5853,Bursins,798,236.8
5854,Burtigny,407,71.7
5855,Dully,626,379.4
5856,Essertines-sur-Rolle,761,109.5
5857,Gilly,1472,189.7
5858,Luins,626,234.5
5859,Mont-sur-Rolle,2783,721
586,Lütschental,226,18.4
5860,Perroy,1598,549.1
5861,Rolle,6446,2352.6
5862,Tartegnin,250,229.4
5863,Vinzel,380,345.5
587,Matten bei Interlaken,4195,709.8
5871,L'Abbaye,1536,48.2
5872,Le Chenit,4707,47.5
5873,Le Lieu,908,27.9
588,Niederried bei Interlaken,375,90.4
5882,Chardonne,3236,313.9
5883,Corseaux,2336,2183.2
5884,Corsier-sur-Vevey,3428,508.6
5885,Jongny,1915,886.6
5886,Montreux,26828,803
5889,La Tour-de-Peilz,12595,3863.5
589,Oberried am Brienzersee,469,23.3
5890,Vevey,20139,8391.2
5891,Veytaux,1003,148.2
5892,Blonay - Saint-Légier,12343,395.1
59,Hochfelden,1987,322
590,Ringgenberg (BE),2651,298.5
5902,Belmont-sur-Yverdon,443,68.5
5903,Bioley-Magnoux,252,58.7
5904,Chamblon,561,196.2
5905,Champvent,730,80.8
5907,Chavannes-le-Chêne,318,79.5
5908,Chêne-Pâquier,176,83.4
5909,Cheseaux-Noréaz,739,125.3
591,Saxeten,91,4.7
5910,Cronay,422,64.1
5911,Cuarny,242,53.1
5912,Démoret,160,37.4
5913,Donneloye,919,102
5914,Ependes (VD),388,80.7
5919,Mathod,710,107.7
592,Schwanden bei Brienz,657,93.1
5921,Molondin,282,51.4
5922,Montagny-près-Yverdon,775,220.2
5923,Oppens,202,56.1
5924,Orges,416,103.5
5925,Orzens,214,51
5926,Pomy,876,155.9
5928,Rovray,199,62.2
5929,Suchy,669,100.8
593,Unterseen,5738,410.2
5930,Suscévaz,217,52.2
5931,Treycovagnes,522,251
5932,Ursins,234,69.6
5933,Valeyres-sous-Montagny,703,308.3
5934,Valeyres-sous-Ursins,237,82.6
5935,Villars-Epeney,100,116.3
5937,Vugelles-La Mothe,151,49.2
5938,Yverdon-les-Bains,30202,2230.6
5939,Yvonand,3536,263.9
594,Wilderswil,2764,209.6
6,Kappel am Albis,1323,167
60,Höri,3509,732.6
6002,Brig-Glis,13976,371.1
6004,Eggerberg,329,54.4
6007,Naters,10605,72
6008,Ried-Brig,2254,47.4
6009,Simplon,281,3.1
6010,Termen,1187,63.6
6011,Zwischbergen,81,0.9
602,Arni (BE),968,92.8
6021,Ardon,3709,181.9
6022,Chamoson,4291,132.2
6023,Conthey,9073,106.8
6024,Nendaz,7196,83.7
6025,Vétroz,6604,633.2
603,Biglen,1867,520.1
6032,Bourg-Saint-Pierre,215,2.4
6033,Liddes,755,12.9
6034,Orsières,3292,20
6035,Sembrancher,1093,61.8
6037,Val de Bagnes,10814,35.8
605,Bowil,1310,89.2
6052,Bellwald,349,25
6054,Binn,123,1.9
6056,Ernen,550,15.5
6057,Fiesch,912,82.6
6058,Fieschertal,359,2.1
606,Brenzikofen,513,234.2
6061,Lax,336,62.1
607,Freimettigen,448,151.4
6076,Obergoms,640,4.1
6077,Goms,1157,8.9
608,Grosshöchstetten,4088,589.9
6082,Ayent,4350,78.6
6083,Evolène,1670,8
6084,Hérémence,1491,13.9
6087,Saint-Martin (VS),841,22.7
6089,Vex,1929,147.8
609,Häutligen,267,87
6090,Mont-Noble,1174,27
61,Hüntwangen,1107,225.5
610,Herbligen,627,227.2
6101,Agarn,729,95.3
6102,Albinen,262,16.8
6104,Ergisch,184,6.2
6109,Inden,118,12.1
611,Kiesen,1013,216
6110,Leuk,4307,78.1
6111,Leukerbad,1396,20.7
6112,Oberems,139,2.8
6113,Salgesch,1693,149
6116,Varen,691,53.9
6117,Guttet-Feschel,440,42.2
6118,Gampel-Bratsch,2167,94.1
6119,Turtmann-Unterems,1191,28.1
612,Konolfingen,5490,429.9
613,Landiswil,624,60.8
6131,Bovernier,924,70.7
6133,Fully,9160,242.3
6134,Isérables,809,53
6135,Leytron,3357,125.2
6136,Martigny,21759,667.7
6137,Martigny-Combe,2332,62.3
6139,Riddes,3701,154.9
614,Linden,1257,95
6140,Saillon,3094,225.2
6141,Saxon,7114,306.4
6142,Trient,160,4
615,Mirchel,589,251.7
6151,Champéry,1399,36
6152,Collombey-Muraz,9903,332.9
6153,Monthey,18886,658
6154,Port-Valais,4485,312.5
6155,Saint-Gingolph,1049,72.6
6156,Troistorrents,5008,135.5
6157,Val-d'Illiez,2129,54.2
6158,Vionnaz,2934,140
6159,Vouvry,4621,137.9
616,Münsingen,13113,831.5
617,Niederhünigen,709,130.8
6172,Bister,39,6.7
6173,Bitsch,1116,192.7
6177,Grengiols,424,7.2
6181,Riederalp,437,22.9
619,Oberdiessbach,3648,221.5
6191,Ausserberg,637,42.4
6192,Blatten,303,3.3
6193,Bürchen,766,56.9
6194,Eischoll,453,32.2
6195,Ferden,253,9.1
6197,Kippel,331,28.3
6198,Niedergesteln,750,42.6
6199,Raron,2002,65.9
62,Kloten,21272,1103.9
620,Oberthal,717,68
6201,Unterbäch,483,21.9
6202,Wiler (Lötschen),539,36.2
6203,Mörel-Filet,745,87.1
6204,Steg-Hohtenn,1691,120.5
6205,Bettmeralp,474,16.5
6211,Collonges,865,70.8
6212,Dorénaz,1103,87.7
6213,Evionnaz,1482,30.8
6214,Finhaut,400,17.5
6215,Massongex,2044,307.8
6217,Saint-Maurice,4574,306.6
6218,Salvan,1483,27.7
6219,Vernayaz,1864,333.5
622,Oppligen,659,193.8
6220,Vérossaz,893,62.5
623,Rubigen,2894,418.2
6232,Chalais,3905,160.4
6235,Chippis,1599,811.7
6238,Grône,2557,123.4
6239,Icogne,634,25.5
6240,Lens,4536,324.5
6246,Saint-Léonard,2613,673.5
6248,Sierre,17663,923.3
6252,Anniviers,2773,11.4
6253,Crans-Montana,10488,175.8
6254,Noble-Contrée,4677,719.5
626,Walkringen,1819,105.7
6261,Arbaz,1462,76.3
6263,Grimisuat,3906,877.8
6265,Savièse,8182,115.3
6266,Sion,36624,1050.6
6267,Veysonnaz,621,544.7
627,Worb,11526,546.8
628,Zäziwil,1636,302.4
6281,Baltschieder,1367,43.6
6282,Eisten,191,5
6283,Embd,294,22
6285,Grächen,1295,90.7
6286,Lalden,733,563.8
6287,Randa,461,8.5
6288,Saas-Almagell,379,3.4
6289,Saas-Balen,362,12
629,Oberhünigen,315,52.3
6290,Saas-Fee,1592,39.5
6291,Saas-Grund,1067,43.1
6292,St. Niklaus,2268,25.4
6293,Stalden (VS),1112,105.9
6294,Staldenried,541,37.9
6295,Täsch,1366,23.3
6296,Törbel,494,28.2
6297,Visp,8483,642.7
6298,Visperterminen,1324,25.6
6299,Zeneggen,324,42.9
63,Lufingen,2840,548.3
630,Allmendingen,555,145.7
6300,Zermatt,6023,24.8
632,Wichtrach,4434,382.2
64,Nürensdorf,5788,576.5
6404,Boudry,6320,377.1
6408,Cortaillod,4798,1303.8
6413,Rochefort,1325,51.3
6416,Milvignes,9312,1059.4
6417,La Grande Béroche,9082,215.5
6421,La Chaux-de-Fonds,37233,668.3
6422,Les Planchettes,198,16.9
6423,La Sagne,1068,41.8
6432,La Brévine,615,14.7
6433,Brot-Plamboz,294,18.3
6434,Le Cerneux-Péquignot,311,19.8
6435,La Chaux-du-Milieu,496,28.7
6436,Le Locle,10875,313.8
6437,Les Ponts-de-Martel,1229,67.6
6451,Cornaux,1647,348.2
6452,Cressier (NE),1924,224.5
6453,Enges,271,28.3
6454,Hauterive (NE),2669,1253.1
6455,Le Landeron,4647,452
6456,Lignières,1041,83.1
6458,Neuchâtel,44898,1492.6
6459,Saint-Blaise,3238,365.5
6461,La Tène,5520,1043.5
6487,Val-de-Ruz,17499,140.8
65,Oberembrach,1105,107.7
6504,La Côte-aux-Fées,483,37.6
6511,Les Verrières,649,22.5
6512,Val-de-Travers,10649,85.4
66,Opfikon,21553,3855.6
6601,Aire-la-Ville,1160,395.9
6602,Anières,2521,654.8
6603,Avully,1757,380.3
6604,Avusy,1408,272.3
6605,Bardonnex,2548,509.6
6606,Bellevue,4104,941.3
6607,Bernex,10864,838.9
6608,Carouge (GE),22311,8263.3
6609,Cartigny,1046,238.8
6610,Céligny,874,187.6
6611,Chancy,1651,306.9
6612,Chêne-Bougeries,13876,3351.7
6613,Chêne-Bourg,9450,7382.8
6614,Choulex,1247,318.9
6615,Collex-Bossy,1685,244.6
6616,Collonge-Bellerive,8630,1410.1
6617,Cologny,6024,1650.4
6618,Confignon,4552,1643.3
6619,Corsier (GE),2282,832.8
662,Ferenbalm,1242,136
6620,Dardagny,1853,215.5
6621,Genève,206635,12971.4
6622,Genthod,2896,1009.1
6623,Le Grand-Saconnex,12806,2923.7
6624,Gy,550,167.2
6625,Hermance,1236,858.3
6626,Jussy,1173,103.3
6627,Laconnex,670,174.9
6628,Lancy,36229,7595.2
6629,Meinier,2079,299.1
663,Frauenkappelen,1468,158
6630,Meyrin,26882,2704.4
6631,Onex,18886,6721
6632,Perly-Certoux,3194,1257.5
6633,Plan-les-Ouates,12221,2089.1
6634,Pregny-Chambésy,4035,1245.4
6635,Presinge,726,154.1
6636,Puplinge,2558,958.1
6637,Russin,524,106.7
6638,Satigny,4577,241.9
6639,Soral,961,326.9
6640,Thônex,16690,4369.1
6641,Troinex,2858,833.2
6642,Vandoeuvres,2958,669.2
6643,Vernier,37460,4871.3
6644,Versoix,13846,1318.7
6645,Veyrier,11917,1833.4
665,Gurbrü,241,129.6
666,Kriechenwil,430,90.1
667,Laupen,3281,792.5
668,Mühleberg,3079,117.3
669,Münchenwiler,564,227.4
67,Rafz,4766,446.3
670,Neuenegg,5771,264.4
6702,Boécourt,961,77.8
6703,Bourrignon,261,19.3
6704,Châtillon (JU),494,93
6706,Courchapoix,445,69.6
6708,Courrendlin,3667,170.2
6709,Courroux,3396,172
671,Wileroltigen,380,91.6
6710,Courtételle,2724,200.9
6711,Delémont,12739,579.8
6712,Develier,1372,110
6713,Ederswiler,117,35.3
6715,Mervelier,535,54.9
6716,Mettembert,112,47.9
6718,Movelier,420,52
6719,Pleigne,349,19.6
6721,Rossemaison,733,387.8
6722,Saulcy,273,34.7
6724,Soyhières,431,57.5
6729,Haute-Sorne,7362,103.6
6730,Val Terbi,3269,70
6741,Le Bémont (JU),305,26.1
6742,Les Bois,1252,50.7
6743,Les Breuleux,1642,110.4
6745,Les Enfers,149,20.9
6748,Les Genevez (JU),510,37.4
6750,Lajoux (JU),710,57.3
6751,Montfaucon,566,31
6753,Muriaux,508,30.1
6754,Le Noirmont,1957,96
6757,Saignelégier,2568,81.1
6758,Saint-Brais,239,15.8
6759,Soubey,125,9.3
6771,Alle,1907,179.9
6774,Boncourt,1171,129.8
6778,Bure,631,46.1
6781,Coeuve,721,62
6782,Cornol,1060,101.4
6783,Courchavon,314,50.7
6784,Courgenay,2453,133
6785,Courtedoux,774,94.3
6789,Fahy,332,42.7
6790,Fontenais,1647,82.4
6792,Grandfontaine,381,42.5
68,Rorbas,3012,678.4
6800,Porrentruy,6601,447.2
6806,Vendlincourt,547,59.8
6807,Basse-Allaine,1203,52.2
6808,Clos du Doubs,1294,21
6809,Haute-Ajoie,1057,25.8
681,Belprahon,260,68.1
6810,La Baroche,1134,36.5
6811,Damphreux-Lugnez,363,33.7
6812,Basse-Vendline,767,N/A
683,Champoz,158,22
687,Corcelles (BE),197,29
69,Wallisellen,17625,2745.3
690,Court,1380,56.1
691,Crémines,546,57.6
692,Eschert,385,58.5
694,Grandval,384,46.5
696,Loveresse,348,74.2
7,Knonau,2454,379.3
70,Wasterkingen,577,145.7
700,Moutier,7171,365.7
701,Perrefitte,481,56.1
703,Reconvilier,2464,298.7
704,Roches (BE),196,21.6
706,Saicourt,618,44.9
707,Saules (BE),148,34.6
708,Schelten,35,6.3
709,Seehof,66,7.8
71,Wil (ZH),1577,176.4
711,Sorvilier,283,41
713,Tavannes,3471,234.8
715,Rebévelier,34,9.6
716,Petit-Val,484,20.3
717,Valbirse,3973,212.7
72,Winkel,4929,607.8
723,La Neuveville,3825,564.2
724,Nods,786,29.5
726,Plateau de Diesse,2153,84.3
731,Aegerten,2391,1106.9
732,Bellmund,1784,470.7
733,Brügg,4543,908.6
734,Bühl,489,164.6
735,Epsach,337,98.8
736,Hagneck,426,231.5
737,Hermrigen,318,93
738,Jens,664,145
739,Ipsach,3875,2039.5
740,Ligerz,517,288.8
741,Merzligen,402,174.8
742,Mörigen,888,411.1
743,Nidau,7072,4652.6
744,Orpund,3330,838.8
745,Port,3898,1584.6
746,Safnern,2020,359.4
747,Scheuren,540,255.9
748,Schwadernau,683,164.6
749,Studen (BE),3510,1285.7
750,Sutz-Lattrigen,1401,392.4
751,Täuffelen,3059,700
754,Walperswil,1039,149.3
755,Worben,2532,917.4
756,Twann-Tüscherz,1184,96
761,Därstetten,859,26.2
762,Diemtigen,2279,17.5
763,Erlenbach im Simmental,1743,47.5
766,Oberwil im Simmental,838,18.2
767,Reutigen,1371,N/A
768,Spiez,13190,789.8
769,Wimmis,2670,119.5
770,Stocken-Höfen,1017,71.5
782,Guttannen,247,1.2
783,Hasliberg,1111,26.6
784,Innertkirchen,1075,4.5
785,Meiringen,4798,118.1
786,Schattenhalb,569,18
791,Boltigen,1267,16.4
792,Lenk,2301,18.7
793,St. Stephan,1315,21.6
794,Zweisimmen,3073,42.1
8,Maschwanden,644,137.3
81,Bachs,648,71
82,Boppelsen,1446,365.2
83,Buchs (ZH),6664,1141.1
84,Dällikon,4387,972.7
841,Gsteig,1020,16.3
842,Lauenen,850,14.5
843,Saanen,6962,58
85,Dänikon,1867,650.5
852,Guggisberg,1472,26.8
853,Rüschegg,1727,30.1
855,Schwarzenburg,6775,151.2
86,Dielsdorf,6391,1088.8
861,Belp,11678,502.1
863,Burgistein,1094,145.5
866,Gerzensee,1296,165.9
867,Gurzelen,898,198.7
868,Jaberg,304,232.1
869,Kaufdorf,1121,544.2
87,Hüttikon,974,612.6
870,Kehrsatz,4541,1022.7
872,Kirchdorf (BE),1855,126.9
877,Niedermuhlern,512,70.5
879,Riggisberg,3117,90.3
88,Neerach,3316,549
880,Rüeggisberg,1789,50
883,Seftigen,2177,559.6
884,Toffen,2610,534.8
885,Uttigen,2179,571.9
886,Wattenwil,3198,219.9
888,Wald (BE),1195,89.8
889,Thurnen,2057,345.7
89,Niederglatt,5341,1483.6
9,Mettmenstetten,5707,438
90,Niederhasli,9611,850.5
901,Eggiwil,2434,40.4
902,Langnau im Emmental,9488,196.2
903,Lauperswil,2712,128
904,Röthenbach im Emmental,1173,31.9
905,Rüderswil,2425,140.9
906,Schangnau,919,25.2
907,Signau,2664,120.4
908,Trub,1272,20.5
909,Trubschachen,1510,96.5
91,Niederweningen,3238,472.7
92,Oberglatt,7595,920.6
921,Amsoldingen,833,176.9
922,Blumenstein,1303,84
923,Buchholterberg,1538,100.3
924,Eriz,475,21.8
925,Fahrni,810,121.3
927,Heiligenschwendi,731,131.7
928,Heimberg,7058,1297.4
929,Hilterfingen,4082,1452.7
93,Oberweningen,1891,382.8
931,Homberg,490,75.3
932,Horrenbach-Buchen,227,11.1
934,Oberhofen am Thunersee,2492,919.6
935,Oberlangenegg,484,52.8
936,Pohlern,243,24.6
938,Sigriswil,4891,88.3
939,Steffisburg,16467,1111.9
94,Otelfingen,3001,419.7
940,Teuffenthal (BE),164,36.2
941,Thierachern,2504,332.5
942,Thun,43905,2035.5
943,Uebeschi,731,165.4
944,Uetendorf,6001,590.1
945,Unterlangenegg,1080,158.8
946,Wachseldorn,229,65.2
948,Forst-Längenbühl,770,171.1
95,Regensberg,462,194.9
951,Affoltern im Emmental,1211,105.2
952,Dürrenroth,1092,77.3
953,Eriswil,1333,117.5
954,Huttwil,5136,297.9
955,Lützelflüh,4366,162.5
956,Rüegsau,3278,217.7
957,Sumiswald,5159,86.9
958,Trachselwald,912,57.1
959,Walterswil (BE),540,68.6
96,Regensdorf,19676,1345.8
960,Wyssachen,1120,95.8
97,Rümlang,8194,660.3
971,Attiswil,1549,202.5
972,Berken,46,33.1
973,Bettenhausen,696,176.6
975,Farnern,224,60.9
976,Graben,333,105.4
977,Heimenhausen,1201,205.7
979,Herzogenbuchsee,7438,757.4
98,Schleinikon,870,153.2
980,Inkwil,675,199.7
981,Niederbipp,5418,274.1
982,Niederönz,1782,638.7
983,Oberbipp,1899,224.7
985,Ochlenberg,535,44.1
987,Rumisberg,495,96.3
988,Seeberg,1616,96.2
989,Thörigen,1191,261.8
99,Schöfflisdorf,1391,346.9
990,Walliswil bei Niederbipp,225,153.1
991,Walliswil bei Wangen,611,199
992,Wangen an der Aare,2893,N/A
995,Wiedlisbach,2578,343.7