Translation,Gemeindename
Appenzello,Appenzell
Bâle,Basel
Basilea,Basel
Basilea,Basel
Bellinzone,Bellinzona
Berne,Bern
Berna,Bern
Berna,Bern
Biel (BE),Biel/Bienne
Bienne,Biel/Bienne
Bienna,Biel/Bienne
Brigue-Glis,Brig-Glis
Briga-Glis,Brig-Glis
Berthoud,Burgdorf
Coire,Chur
Coira,Chur
Cuira,Chur
Gurwolf,Courgevaux
Delsberg,Delémont
Delemunt,Delémont
Guin,Düdingen
Cerlier,Erlach
Leubringen,Evilard
Freiburg,Fribourg
Friburgo,Fribourg
Friburg,Fribourg
Champion,Gampelen
Genf,Genève
Ginevra,Genève
Genevra,Genève
Geneva,Genève
Geneve,Genève
Chevrilles,Giffers
Glaris,Glarus
Glarona,Glarus
Glaruna,Glarus
Granges (SO),Grenchen
Greyerz,Gruyères
Gruyère,Gruyères
Cormondes,Gurmels
Anet,Ins
Bellegarde,Jaun
Chiètres (FR),Kerzers
Neuenstadt,La Neuveville
Laufon,Laufen
Losanna,Lausanne
Losanna,Lausanne
Longeau,Lengnau (BE)
Loèche-Ville,Leuk
Loèche-les-Bains,Leukerbad
Gléresse,Ligerz
Lucerne,Luzern
Lucerna,Luzern
Lucerna,Luzern
Lucerne,Luzern
Merlach,Meyriez
"Münster (BE) bis zum 31.12.2025, danach Münster (JU)",Moutier
Villars-les-Moines,Münchenwiler
Montilier,Muntelier
Morat,Murten
Neuenburg,Neuchâtel
Perles,Pieterlen
Planfayon,Plaffeien
Pruntrut,Porrentruy
Rarogne,Raron
Dirlaret,Rechthalten
Gessenay,Saanen
St. Immer,Saint-Imier
Sankt Immer,Saint-Imier
Salquenen,Salgesch
Schaffhouse,Schaffhausen
Sciaffusa,Schaffhausen
Schaffusa,Schaffhausen
La Scheulte,Schelten
Svitto,Schwyz
Sviz,Schwyz
Siders,Sierre
Sempione,Simplon
Sitten,Sion
Soleure,Solothurn
Soletta,Solothurn
Soloturn,Solothurn
Saint-Gall,St. Gallen
San Gallo,St. Gallen
Sankt Gallen,St. Gallen
Son Gagl,St. Gallen
Saint-Nicolas,St. Niklaus
Sankt Niklaus,St. Niklaus
Saint-Silvestre,St. Silvester
Sankt Silvester,St. Silvester
Saint-Etienne,St. Stephan
Sankt Stephan,St. Stephan
Saint-Ours,St. Ursen
Sankt Ursen,St. Ursen
Tavel,Tafers
Tinterin,Tentlingen
Thoune,Thun
Douanne-Daucher,Twann-Tüscherz
Ormey,Ulmiz
Varone,Varen
Viège,Visp
Winterthour,Winterthur
Zofingue,Zofingen
Zoug,Zug
Zugo,Zug
Zurich,Zürich
Zurigo,Zürich
Turitg,Zürich
Zurich,Zürich
Zurique,Zürich
Zúrich,Zürich
